,namespace,grade,Número de exercícios por turma
0,escolamaster,em 2a serie,4316.5
1,sagradafamilia,em 2a serie,4251.0
2,colegioliceu,em 2a serie,4251.0
3,santadoroteia,em 2a serie,4251.0
4,sagradafamilia,em 1a serie,4062.0
5,colegioliceu,em 1a serie,4062.0
6,santadoroteia,em 1a serie,4062.0
7,escolamaster,em 1a serie,3393.0
8,profederal,outro,738.5
9,insa,em 3a serie,682.0
10,insa,em 2a serie,665.0
11,alpha,em 2a serie,642.0
12,colegiointegral,em 3a serie,638.5
13,santoamerico,em 3a serie,623.2
14,sas,em 1a serie,555.0
15,alpha,em 1a serie,543.0
16,qescola,em 3a serie,525.75
17,alpha,em 3a serie,522.0
18,colegiobrasilia,ef 5o ano,512.0
19,universitariolondrina,ef 3o ano,507.6666666666667
20,alpha,ef 7o ano,480.0
21,alpha,ef 8o ano,478.0
22,alpha,ef 6o ano,469.0
23,alpha,ef 9o ano,451.0
24,alpha,outro,443.0
25,colegioecursodesafio,em 3a serie,438.0
26,colegiointegral,em 2a serie,397.6
27,colegioecursodesafio,em 1a serie,377.0
28,colegiointegral,em 1a serie,363.8333333333333
29,gerabixo,outro,357.0
30,porto,em 2a serie,347.75
31,universitariolondrina,ef 2o ano,338.5
32,colegioecursodesafio,em 2a serie,336.0
33,colegiointegral,ef 9o ano,335.6666666666667
34,einsteinassis,em 3a serie,332.0
35,physicsumarizal,ef 4o ano,330.0
36,porto,em 3a serie,320.0
37,einsteinassis,em 2a serie,314.0
38,colegiobrasilia,infantil iv,309.3333333333333
39,einsteinassis,em 1a serie,308.0
40,universitariolondrina,ef 4o ano,300.6666666666667
41,cats,outro,293.0
42,physicsumarizal,ef 2o ano,285.0
43,qescola,em 1a serie,283.0
44,physicsalmirantebarroso,ef 3o ano,280.0
45,physicsalmirantebarroso,ef 4o ano,280.0
46,colegioflamingo,em 3a serie,278.0
47,physicsbatistacampos,ef 2o ano,273.0
48,physicscidadenova,ef 4o ano,272.0
49,physicsaugustomontenegro,ef 4o ano,265.0
50,colegiointegral,ef 8o ano,262.375
51,acessoboqueirao,em 3a serie,261.0
52,physicsbatistacampos,ef 3o ano,260.0
53,physicscidadenova,ef 2o ano,258.0
54,physicsbatistacampos,ef 4o ano,255.0
55,colegioiguatemy,em 3a serie,251.0
56,physicsbatistacampos,ef 5o ano,251.0
57,physicscidadenova,ef 1o ano,248.0
58,einsteinassis,ef 8o ano,247.0
59,acessosantafelicidade,em 3a serie,247.0
60,acessosantafelicidade,outro,247.0
61,physicscidadenova,ef 3o ano,245.0
62,physicsaugustomontenegro,ef 2o ano,244.0
63,porto,em 1a serie,241.0
64,physicscidadenova,ef 5o ano,239.0
65,physicsmacapa,em 3a serie,238.0
66,physicsmacapa,outro,238.0
67,physicsalmirantebarroso,ef 5o ano,233.0
68,colegioflamingo,em 2a serie,232.0
69,physicscidadenova,ef 6o ano,232.0
70,macvest,outro,230.5
71,colegiobrasilia,infantil iii,230.0
72,physicsumarizal,ef 5o ano,229.0
73,master,ef 8o ano,225.0
74,master,outro,225.0
75,universitariolondrina,em 1a serie,224.0
76,colegioguilhermedealmeida,em 2a serie,223.0
77,colegioflamingo,em 1a serie,221.0
78,physicsalmirantebarroso,ef 1o ano,221.0
79,physicsaugustomontenegro,ef 3o ano,220.0
80,einsteinassis,ef 9o ano,218.0
81,physicsalmirantebarroso,ef 2o ano,218.0
82,santoagostinholeblon,em 3a serie,217.0
83,informacao,em 3a serie,217.0
84,physicsaugustomontenegro,ef 5o ano,217.0
85,acessopinhais,em 1a serie,209.0
86,physicscidadenova,ef 7o ano,205.5
87,colegiointegral,ef 7o ano,202.375
88,acessosjpinhais,em 1a serie,193.0
89,elitecuritibaemilianoperneta,em 1a serie,192.0
90,physicsaugustomontenegro,ef 1o ano,188.0
91,santoamerico,ef 8o ano,187.8
92,colegiojoaopaulo,ef 3o ano,187.0
93,physicsalcindocacela,outro,185.14285714285714
94,colegiodasamericas,ef 3o ano,183.0
95,einsteinassis,ef 7o ano,181.0
96,eacorcovado,em 3a serie,180.5
97,einsteinassis,ef 6o ano,180.0
98,institutoeurofarma,outro,178.0
99,sas,em 2a serie,177.0
100,ceabb,ef 3o ano,176.0
101,acessoboqueirao,outro,175.66666666666666
102,physicsumarizal,ef 1o ano,175.0
103,acessopinhais,em 2a serie,175.0
104,physicscidadenova,ef 8o ano,171.0
105,universitariolondrina,ef 5o ano,170.0
106,villalobos,em 3a serie,169.5
107,ceabb,ef 5o ano,166.0
108,colegioecursodesafio,ef 9o ano,165.5
109,villalobos,em 2a serie,163.75
110,colegioiguatemy,ef 6o ano,163.0
111,santoamerico,ef 6o ano,162.8
112,physicsbatistacampos,ef 6o ano,162.66666666666666
113,universitariolondrina,ef 1o ano,161.75
114,eacorcovado,em 2a serie,159.25
115,sas,outro,159.0
116,physicsbatistacampos,ef 1o ano,159.0
117,colegiobrasilia,ef 4o ano,156.66666666666666
118,elitecuritibaemilianoperneta,em 2a serie,155.0
119,physicsalmirantebarroso,ef 6o ano,154.0
120,colegiointegral,ef 6o ano,152.125
121,stellamarisxaxim,em 1a serie,152.0
122,stellamarisxaxim,em 2a serie,151.0
123,colegioensitec,em 2a serie,150.0
124,physicsmacapa,em 2a serie,149.0
125,acessosantafelicidade,em 2a serie,149.0
126,physicsumarizal,ef 9o ano,149.0
127,portinari,em 2a serie,148.0
128,santoamerico,em 2a serie,147.0
129,physicscidadenova,outro,145.0
130,physicsalmirantebarroso,ef 7o ano,145.0
131,ceabb,ef 4o ano,145.0
132,progressaodc,em 2a serie,142.0
133,santoamerico,ef 7o ano,141.16666666666666
134,physicsumarizal,ef 3o ano,139.5
135,physicscidadenova,em 3a serie,139.0
136,integradaeducativa,em 3a serie,138.0
137,educarse,outro,138.0
138,colegioguilhermedealmeida,em 1a serie,137.0
139,colegioecursodesafio,ef 8o ano,134.33333333333334
140,colegioeag,em 3a serie,132.0
141,adrianochan,outro,131.29770992366412
142,porto,ef 9o ano,131.0
143,acessosjpinhais,em 2a serie,130.0
144,physicsaugustomontenegro,ef 8o ano,130.0
145,psantagema,em 2a serie,129.5
146,cursosazambuja,outro,128.63333333333333
147,casdinhosjc,ef 9o ano,126.83333333333333
148,colegioensitec,em 1a serie,126.0
149,physicsbatistacampos,ef 8o ano,125.5
150,colegioiguatemy,em 1a serie,125.0
151,physicsalcindocacela,em 2a serie,124.0
152,colegiobrasilia,ef 9o ano,123.33333333333333
153,colegiointegral,ef 5o ano,123.0
154,physicsbatistacampos,ef 9o ano,122.4
155,colegioensitec,ef 5o ano,121.0
156,stellamarisjuveve,ef 3o ano,120.5
157,integradaeducativa,em 2a serie,120.0
158,casdinhosjc,ef 8o ano,120.0
159,psantagema,ef 9o ano,119.0
160,jazzvestibular,outro,118.0
161,colegiobilac,ef 3o ano,118.0
162,colegioguilhermedealmeida,ef 2o ano,118.0
163,insa,em 1a serie,118.0
164,colegioecursodesafio,ef 7o ano,117.0
165,physicsaugustomontenegro,ef 9o ano,117.0
166,colegiocb,ef 5o ano,116.0
167,colegioeag,em 1a serie,116.0
168,stellamarisjuveve,ef 9o ano,115.5
169,physicscidadenova,ef 9o ano,115.0
170,colegioensitec,ef 9o ano,115.0
171,colegiocb,em 2a serie,114.0
172,cem,ef 1o ano,113.0
173,colegiobilac,ef 5o ano,113.0
174,physicsbatistacampos,ef 7o ano,112.625
175,colegiointegral,ef 4o ano,112.0
176,colegiocb,em 1a serie,111.0
177,colegiocb,em 3a serie,111.0
178,stellamarisjuveve,ef 6o ano,110.66666666666667
179,alpha,ef 5o ano,110.0
180,stellamarisxaxim,ef 3o ano,110.0
181,progressaodc,em 3a serie,110.0
182,aridesa,em 3a serie,109.0
183,acessocampolargo,em 2a serie,108.0
184,colegioensitec,em 3a serie,107.0
185,integradaeducativa,em 1a serie,107.0
186,colegiosete,em 1a serie,107.0
187,santoamerico,ef 9o ano,106.8
188,colegiosete,em 2a serie,106.0
189,cem,ef 2o ano,106.0
190,colegioecursoprogressao,em 3a serie,105.5
191,physicsalmirantebarroso,ef 9o ano,104.0
192,physicsalmirantebarroso,ef 8o ano,104.0
193,colegiobrasilia,ef 6o ano,103.57142857142857
194,spdacruz,em 3a serie,103.0
195,psantagema,em 3a serie,102.33333333333333
196,villalobos,ef 8o ano,102.0
197,alpha,ef 4o ano,102.0
198,villalobos,outro,101.25
199,colegiosete,em 3a serie,100.0
200,colegioiguatemy,em 2a serie,100.0
201,universitariolondrina,em 3a serie,99.0
202,villalobos,ef 9o ano,98.2
203,eacorcovado,ef 8o ano,97.5
204,stellamarisjuveve,em 1a serie,97.0
205,colegioeag,em 2a serie,96.0
206,cem,em 3a serie,96.0
207,informacao,em 2a serie,96.0
208,colegioecursoprogressao,ef 9o ano,95.5
209,amadeus,em 1a serie,94.0
210,amadeus,ef 8o ano,94.0
211,colegiobrasilia,ef 1o ano,94.0
212,acessosjpinhais,ef 3o ano,93.0
213,stellamarisjuveve,ef 8o ano,93.0
214,integradaeducativa,ef 9o ano,92.66666666666667
215,stellamarisjuveve,em 2a serie,92.0
216,colegioecursodesafio,ef 6o ano,91.66666666666667
217,stellamarisxaxim,ef 7o ano,91.0
218,stellamarisjuveve,ef 7o ano,91.0
219,physicsalmirantebarroso,em 1a serie,91.0
220,amadeus,ef 4o ano,91.0
221,psantagema,ef 8o ano,90.25
222,stellamarisjuveve,em 3a serie,90.0
223,stellamarisjuveve,outro,90.0
224,amadeus,ef 6o ano,89.0
225,physicsaugustomontenegro,ef 6o ano,89.0
226,alpha,ef 3o ano,89.0
227,amadeus,em 2a serie,88.0
228,colegioensitec,ef 6o ano,88.0
229,colegioecursoprogressao,em 2a serie,87.33333333333333
230,acessosjpinhais,ef 9o ano,86.5
231,acessocampolargo,ef 9o ano,86.0
232,overnascimentodecastro,outro,86.0
233,progressaodc,em 1a serie,84.0
234,psantagema,em 1a serie,83.5
235,physicsumarizal,ef 8o ano,83.0
236,physicsumarizal,ef 7o ano,83.0
237,colegioiguatemy,ef 8o ano,83.0
238,colegioiguatemy,ef 5o ano,83.0
239,amadeus,ef 5o ano,83.0
240,universitariolondrina,ef 8o ano,83.0
241,amadeus,ef 7o ano,82.0
242,physicsaugustomontenegro,infantil ii,82.0
243,eacorcovado,em 1a serie,81.8
244,spdacruz,em 2a serie,81.0
245,colegiobilac,ef 1o ano,81.0
246,progressaoig,em 3a serie,81.0
247,acessofazendariogrande,em 2a serie,81.0
248,cem,em 1a serie,80.0
249,stellamarisxaxim,ef 6o ano,79.66666666666667
250,colegioiguatemy,ef 7o ano,79.5
251,physicsaugustomontenegro,ef 7o ano,79.0
252,colegioecursoprogressao,em 1a serie,78.33333333333333
253,colegioguilhermedealmeida,ef 8o ano,77.66666666666667
254,acessocampolargo,em 1a serie,77.0
255,colegiouirapuru,ef 4o ano,77.0
256,villalobos,ef 5o ano,77.0
257,cem,ef 5o ano,77.0
258,villalobos,ef 7o ano,76.5
259,colegiobrasilia,ef 3o ano,76.0
260,eccos,ef 8o ano,75.0
261,colegioguilhermedealmeida,ef 5o ano,75.0
262,universitariolondrina,ef 7o ano,75.0
263,integradaeducativa,ef 8o ano,74.0
264,colegiosete,ef 8o ano,74.0
265,universitariolondrina,em 2a serie,74.0
266,pioxi,em 3a serie,74.0
267,colegioensitec,ef 7o ano,74.0
268,porto,ef 6o ano,74.0
269,universitariolondrina,ef 6o ano,73.0
270,stellamarisjuveve,ef 1o ano,73.0
271,cem,ef 4o ano,73.0
272,francobrasileiro,em 3a serie,72.33333333333333
273,acessoboqueirao,em 2a serie,72.0
274,portinari,em 1a serie,71.0
275,physicsumarizal,ef 6o ano,71.0
276,colegiodasamericas,em 2a serie,70.0
277,colegiobilac,ef 2o ano,70.0
278,acessoboqueirao,ef 8o ano,69.75
279,amadeus,ef 2o ano,69.0
280,cem,ef 6o ano,69.0
281,acessofazendariogrande,ef 9o ano,68.0
282,moaciralves,ef 6o ano,68.0
283,colegiosete,ef 7o ano,68.0
284,amadeus,ef 3o ano,67.0
285,universitariolondrina,outro,66.83333333333333
286,colegiodasamericas,ef 4o ano,66.66666666666667
287,colegioiguatemy,ef 4o ano,66.0
288,colegiosete,ef 4o ano,65.0
289,porto,ef 8o ano,65.0
290,stellamarisaguaverde,ef 6o ano,65.0
291,colegiointegral,ef 3o ano,64.6
292,colegiobilac,ef 8o ano,64.0
293,ceabb,ef 7o ano,64.0
294,acessoalmirantetamandare,em 2a serie,64.0
295,villalobos,ef 4o ano,64.0
296,physicsalmirantebarroso,em 2a serie,64.0
297,colegiosete,ef 5o ano,63.333333333333336
298,apogeustoantonio2,outro,63.0
299,colegiodasamericas,em 1a serie,63.0
300,colegioeag,ef 8o ano,62.5
301,colegiouirapuru,ef 5o ano,62.4
302,acessofazendariogrande,ef 6o ano,62.0
303,stellamarisaguaverde,ef 7o ano,62.0
304,colegioguilhermedealmeida,em 3a serie,62.0
305,physicsumarizal,em 1a serie,62.0
306,universobarcarena,em 3a serie,61.5
307,colegiodasamericas,em 3a serie,61.0
308,colegiojoaopaulo,ef 8o ano,61.0
309,acessosantafelicidade,em 1a serie,61.0
310,acessosjpinhais,ef 6o ano,60.333333333333336
311,colegiocb,ef 4o ano,60.0
312,acessofazendariogrande,ef 7o ano,60.0
313,santamariacn,em 3a serie,60.0
314,overzonanorte,em 3a serie,60.0
315,cem,em 2a serie,60.0
316,overzonanorte,outro,60.0
317,acessofazendariogrande,em 1a serie,59.0
318,acessoalmirantetamandare,em 1a serie,59.0
319,physicsumarizal,em 2a serie,58.0
320,amadeus,ef 9o ano,58.0
321,physicsbatistacampos,outro,57.4
322,colegioiguatemy,ef 9o ano,57.0
323,colegioguilhermedealmeida,ef 4o ano,56.333333333333336
324,positivoon,em 3a serie,56.0
325,villalobos,ef 6o ano,56.0
326,stellamarisxaxim,ef 4o ano,55.5
327,casdvest,outro,55.333333333333336
328,acessosjpinhais,ef 8o ano,55.333333333333336
329,acessoboqueirao,ef 9o ano,55.25
330,colegioguilhermedealmeida,ef 3o ano,55.0
331,colegiobrasilia,ef 2o ano,55.0
332,colegioeag,ef 9o ano,55.0
333,colegiocb,ef 6o ano,54.5
334,cem,ef 7o ano,54.0
335,villalobos,em 1a serie,53.5
336,universobarcarena,em 2a serie,53.5
337,portinari,ef 9o ano,53.2
338,acessopinhais,outro,53.0
339,colegiodasamericas,ef 2o ano,53.0
340,colegioeag,ef 7o ano,53.0
341,eccos,ef 4o ano,53.0
342,acessopinhais,em 3a serie,53.0
343,eccos,ef 9o ano,52.5
344,ceabb,ef 6o ano,51.0
345,ceabb,ef 9o ano,51.0
346,physicsalcindocacela,ef 9o ano,51.0
347,physicsalcindocacela,em 1a serie,51.0
348,liessinbarra,ef 8o ano,51.0
349,colegiouirapuru,em 3a serie,51.0
350,eacorcovado,ef 6o ano,50.666666666666664
351,colegioecursoprogressao,ef 6o ano,50.0
352,colegioensitec,ef 8o ano,50.0
353,colegioguilhermedealmeida,ef 7o ano,50.0
354,cursoenfase,outro,49.666666666666664
355,colegiouniverso,ef 9o ano,49.0
356,cem,ef 8o ano,49.0
357,stellamarisxaxim,ef 2o ano,49.0
358,progressaoig,em 1a serie,49.0
359,colegioguilhermedealmeida,ef 9o ano,49.0
360,progressaoig,ef 9o ano,49.0
361,colegiosete,ef 9o ano,48.0
362,mariliamattoso,em 3a serie,48.0
363,acessosjpinhais,ef 2o ano,48.0
364,physicsaugustomontenegro,infantil i,48.0
365,colegiocb,ef 8o ano,48.0
366,physicsalmirantebarroso,outro,47.75
367,acessosjpinhais,ef 7o ano,47.666666666666664
368,universitariolondrina,ef 9o ano,47.0
369,overabelcabral,em 1a serie,46.0
370,stellamarisaguaverde,ef 3o ano,46.0
371,abdiasmartins,ef 9o ano,46.0
372,colegiobetelbrasileirosp,ef 4o ano,45.5
373,physicscidadenova,em 1a serie,45.333333333333336
374,physicsumarizal,outro,45.0
375,objetivolorena,em 1a serie,45.0
376,colegiobilac,ef 6o ano,45.0
377,colegiosete,ef 6o ano,45.0
378,colegiopremium,ef 7o ano,45.0
379,physicscidadenova,em 2a serie,44.333333333333336
380,portinari,ef 6o ano,44.0
381,colegioeag,ef 1o ano,44.0
382,colegiobrasilia,ef 7o ano,43.5
383,acessoboqueirao,em 1a serie,43.5
384,porto,ef 7o ano,43.333333333333336
385,colegiojoaopaulo,ef 9o ano,43.0
386,universobarcarena,em 1a serie,43.0
387,colegioeag,ef 6o ano,43.0
388,ceabb,ef 8o ano,42.0
389,alpha,ef 2o ano,42.0
390,abdiasmartins,ef 6o ano,42.0
391,colegioguilhermedealmeida,ef 6o ano,42.0
392,colegiobilac,ef 4o ano,42.0
393,colegiobilac,ef 9o ano,42.0
394,cem,ef 9o ano,42.0
395,eacorcovado,ef 9o ano,41.333333333333336
396,nucleocriativo,ef 6o ano,41.0
397,nucleocriativo,em 1a serie,41.0
398,nucleocriativo,ef 7o ano,41.0
399,acessosantafelicidade,ef 9o ano,41.0
400,eacorcovado,outro,41.0
401,nucleocriativo,ef 8o ano,41.0
402,nucleocriativo,ef 9o ano,41.0
403,eccos,ef 6o ano,41.0
404,eccos,ef 5o ano,41.0
405,colegioecursoprogressao,ef 8o ano,40.0
406,valdemiracoelho,ef 9o ano,40.0
407,colegiodasamericas,ef 6o ano,39.666666666666664
408,colegiointegral,ef 2o ano,39.25
409,sistemadeensinogpi,em 3a serie,39.0
410,acessofazendariogrande,ef 8o ano,39.0
411,acessofazendariogrande,outro,39.0
412,acessofazendariogrande,em 3a serie,39.0
413,antoniomelo,ef 7o ano,39.0
414,santoamerico,em 1a serie,38.6
415,litteratus,em 3a serie,38.0
416,objetivolorena,em 2a serie,38.0
417,stellamarisxaxim,ef 8o ano,38.0
418,overmarciliofurtado,em 3a serie,37.0
419,colegiojoaopaulo,em 2a serie,36.666666666666664
420,colegiobrasilia,ef 8o ano,36.5
421,objetivolorena,ef 5o ano,36.0
422,acessocampolargo,outro,36.0
423,overabelcabral,em 3a serie,36.0
424,acessocampolargo,em 3a serie,36.0
425,overabelcabral,em 2a serie,36.0
426,colegiodasamericas,ef 5o ano,35.333333333333336
427,colegioguilhermedealmeida,ef 1o ano,35.0
428,physicsmacapa,ef 7o ano,35.0
429,apogeustoantonio2,ef 9o ano,35.0
430,acessoalmirantetamandare,ef 9o ano,35.0
431,stellamarisxaxim,ef 9o ano,34.0
432,stellamarisjuveve,ef 5o ano,33.666666666666664
433,acessohauer,ef 7o ano,33.666666666666664
434,colegiodasamericas,ef 9o ano,33.5
435,psantagema,ef 6o ano,33.4
436,santoamerico,outro,33.166666666666664
437,stellamarisjuveve,ef 4o ano,33.0
438,colegiobilac,ef 7o ano,33.0
439,stellamarisxaxim,em 3a serie,33.0
440,eacorcovado,ef 7o ano,33.0
441,integradaeducativa,ef 6o ano,33.0
442,spdacruz,em 1a serie,32.666666666666664
443,acessosjpinhais,ef 5o ano,32.5
444,colegiopremium,ef 9o ano,32.0
445,acessoalmirantetamandare,ef 7o ano,32.0
446,colegiopremium,ef 8o ano,32.0
447,colegiopremium,ef 6o ano,32.0
448,physicsalmirantebarroso,em 3a serie,31.5
449,colegiojoaopaulo,em 3a serie,31.0
450,acessofazendariogrande,ef 5o ano,31.0
451,ceespacolivre,em 2a serie,31.0
452,colegiojoaopaulo,ef 5o ano,31.0
453,overpontanegra,em 3a serie,31.0
454,cicerofranklin,ef 2o ano,30.0
455,physicsconselheirofurtado,em 2a serie,30.0
456,physicsmacapa,ef 8o ano,30.0
457,colegiouniverso,outro,30.0
458,invictus,em 2a serie,30.0
459,integra,ef 4o ano,30.0
460,colegioensitec,ef 3o ano,30.0
461,acessocampolargo,ef 8o ano,29.0
462,physicsumarizal,em 3a serie,29.0
463,colegioensitec,ef 4o ano,29.0
464,colegiocb,ef 9o ano,29.0
465,mariliamattoso,em 1a serie,29.0
466,colegioecursoprogressao,ef 7o ano,29.0
467,eccos,ef 3o ano,29.0
468,invictus,em 3a serie,29.0
469,colegiodasamericas,ef 7o ano,29.0
470,acessoalmirantetamandare,ef 6o ano,28.0
471,physicsmacapa,ef 9o ano,28.0
472,colegiocb,ef 7o ano,28.0
473,navegasas,ef 5o ano,27.0
474,overabelcabral,ef 7o ano,27.0
475,colegiouirapuru,em 1a serie,27.0
476,valdemiracoelho,ef 6o ano,27.0
477,liessin,ef 8o ano,26.666666666666668
478,acessosantafelicidade,ef 8o ano,26.0
479,physicsmacapa,em 1a serie,26.0
480,objetivolorena,em 3a serie,26.0
481,stellamarisxaxim,ef 5o ano,26.0
482,educamais,ef 7o ano,26.0
483,qescola,ef 5o ano,26.0
484,portinari,ef 8o ano,25.75
485,moaciralves,ef 7o ano,25.333333333333332
486,colegiobrasilia,em 2a serie,25.0
487,invictus,em 1a serie,25.0
488,acessoalmirantetamandare,ef 5o ano,25.0
489,psantagema,ef 7o ano,24.4
490,moaciralves,ef 9o ano,24.0
491,colegiofuturageracao,ef 7o ano,24.0
492,spdacruz,ef 9o ano,24.0
493,overmarciliofurtado,em 2a serie,24.0
494,overmarciliofurtado,em 1a serie,23.5
495,colegiouirapuru,ef 9o ano,23.0
496,objetivolorena,ef 8o ano,23.0
497,educamais,ef 6o ano,23.0
498,professoratalitha,outro,23.0
499,acessosantafelicidade,ef 5o ano,23.0
500,overpontanegra,ef 8o ano,23.0
501,colegiofuturageracao,ef 8o ano,23.0
502,integradaeducativa,ef 7o ano,22.333333333333332
503,ceprimeiromundo,em 1a serie,22.0
504,colegiojoaopaulo,em 1a serie,22.0
505,senhorbonfim,ef 9o ano,22.0
506,colegiodasamericas,ef 8o ano,21.5
507,progressaodc,outro,21.0
508,acessocampolargo,ef 7o ano,21.0
509,integra,ef 1o ano,20.0
510,objetivolorena,outro,20.0
511,mariliamattoso,ef 7o ano,19.5
512,colegiobrasilia,infantil ii,19.5
513,colegiouniverso,ef 6o ano,19.0
514,physicsconselheirofurtado,em 3a serie,19.0
515,colegiobrasilia,em 3a serie,19.0
516,physicsaugustomontenegro,em 1a serie,19.0
517,objetivolorena,ef 9o ano,18.5
518,colegiouniverso,ef 8o ano,18.0
519,colegiojoaopaulo,ef 7o ano,18.0
520,overmossoro,ef 7o ano,18.0
521,acessohauer,ef 6o ano,18.0
522,colegioglobal,em 3a serie,18.0
523,colegiodasamericas,ef 1o ano,17.666666666666668
524,portinari,ef 7o ano,17.6
525,portinari,em 3a serie,17.5
526,colegiouirapuru,em 2a serie,17.5
527,colegioarena,outro,17.0
528,acessoalmirantetamandare,em 3a serie,17.0
529,stellamarisjuveve,ef 2o ano,17.0
530,qescola,ef 1o ano,17.0
531,escolaceciliameireles,ef 6o ano,17.0
532,escolaceciliameireles,ef 5o ano,17.0
533,qescola,ef 9o ano,17.0
534,moaciralves,ef 8o ano,16.5
535,physicsaugustomontenegro,em 2a serie,16.0
536,portinari,ef 5o ano,16.0
537,ceprimeiromundo,em 2a serie,15.666666666666666
538,objetivolorena,ef 7o ano,15.5
539,colegiouirapuru,ef 7o ano,15.2
540,mariliamattoso,em 2a serie,15.0
541,acessosjpinhais,ef 4o ano,15.0
542,colegioiguatemy,ef 3o ano,15.0
543,antoniomelo,ef 9o ano,15.0
544,integra,ef 2o ano,15.0
545,spdacruz,outro,15.0
546,ciadosaber,ef 9o ano,15.0
547,overabelcabral,ef 4o ano,15.0
548,colegiobrasilia,em 1a serie,14.428571428571429
549,rede,ef 9o ano,14.0
550,villalobos,ef 1o ano,14.0
551,qescola,outro,14.0
552,pioxi,em 2a serie,14.0
553,acessosantafelicidade,ef 6o ano,14.0
554,eccos,ef 7o ano,14.0
555,overjoaopessoa,em 2a serie,13.0
556,acessoalmirantetamandare,ef 8o ano,13.0
557,overmarciliofurtado,ef 9o ano,13.0
558,eacorcovado,ef 5o ano,13.0
559,overabelcabral,ef 8o ano,13.0
560,colegiouniverso,ef 7o ano,13.0
561,ceprimeiromundo,ef 4o ano,13.0
562,colegiosete,ef 2o ano,12.0
563,cem,ef 3o ano,12.0
564,arco,outro,12.0
565,redeinspira,outro,12.0
566,sasadapt,ef 1o ano,12.0
567,hamiltondarocha,ef 9o ano,11.666666666666666
568,ceprimeiromundo,ef 5o ano,11.5
569,overzonanorte,em 2a serie,11.0
570,aescobjetivo,em 2a serie,11.0
571,overmossoro,ef 8o ano,11.0
572,colegiojoaopaulo,ef 4o ano,11.0
573,nucleocriativo,ef 2o ano,11.0
574,portinari,ef 4o ano,11.0
575,gamt,outro,10.666666666666666
576,acessohauer,ef 5o ano,10.5
577,physicsalcindocacela,em 3a serie,10.0
578,ceespacolivre,em 1a serie,10.0
579,senhorbonfim,ef 8o ano,10.0
580,overzonanorte,ef 7o ano,10.0
581,colegiojoaopaulo,ef 6o ano,10.0
582,eldapereira,ef 4o ano,10.0
583,overzonanorte,ef 5o ano,10.0
584,contemporaneocidadeverde,ef 9o ano,10.0
585,colegioensitec,ef 2o ano,10.0
586,qescola,ef 6o ano,10.0
587,colegioguilhermedealmeida,outro,9.5
588,ceespacolivre,ef 7o ano,9.0
589,overpontanegra,ef 6o ano,9.0
590,colegiofuturageracao,ef 6o ano,9.0
591,senhorbonfim,ef 7o ano,9.0
592,acessosantafelicidade,ef 4o ano,9.0
593,colegiosete,ef 1o ano,9.0
594,acessosantafelicidade,ef 7o ano,8.0
595,overabelcabral,ef 9o ano,8.0
596,overmossoro,em 1a serie,8.0
597,hamiltondarocha,ef 8o ano,8.0
598,senhorbonfim,ef 6o ano,8.0
599,overpontanegra,em 2a serie,8.0
600,overmossoro,ef 6o ano,8.0
601,colegiobrasilia,infantil i,8.0
602,pioxi,outro,8.0
603,cursoisfera,outro,7.666666666666667
604,faculdadeflamingo,outro,7.666666666666667
605,ceprimeiromundo,ef 7o ano,7.333333333333333
606,integra,ef 5o ano,7.0
607,aescobjetivo,em 1a serie,7.0
608,objetivolorena,ef 6o ano,7.0
609,meta,outro,7.0
610,physicsaugustomontenegro,outro,7.0
611,colegiodasamericas,outro,7.0
612,universobarcarena,ef 9o ano,7.0
613,physicsaugustomontenegro,em 3a serie,7.0
614,escola,ef 4o ano,7.0
615,herciliovilanova,ef 2o ano,6.0
616,acessosantafelicidade,ef 3o ano,6.0
617,acessohauer,ef 3o ano,6.0
618,physicsconselheirofurtado,em 1a serie,6.0
619,overzonanorte,em 1a serie,6.0
620,overpontanegra,em 1a serie,6.0
621,colegiopremium,ef 4o ano,6.0
622,herciliovilanova,ef 1o ano,6.0
623,ceprimeiromundo,ef 6o ano,5.666666666666667
624,hamiltondarocha,ef 7o ano,5.5
625,acessohauer,ef 2o ano,5.0
626,acessosantafelicidade,ef 2o ano,5.0
627,eccos,outro,5.0
628,acessohauer,ef 4o ano,5.0
629,acessoalmirantetamandare,ef 4o ano,5.0
630,acessoalmirantetamandare,ef 2o ano,5.0
631,overabelcabral,ef 3o ano,5.0
632,colegiopremium,ef 5o ano,5.0
633,conexaosaber,ef 5o ano,5.0
634,acessoalmirantetamandare,ef 3o ano,5.0
635,stellamarisxaxim,ef 1o ano,4.0
636,colegioeag,ef 5o ano,4.0
637,ipdhsolucoes,outro,4.0
638,overmarciliofurtado,ef 8o ano,4.0
639,joaorosa,ef 6o ano,4.0
640,joaorosa,ef 7o ano,4.0
641,novotempo,ef 5o ano,4.0
642,mocinhagomes,ef 6o ano,4.0
643,mariliamattoso,ef 8o ano,4.0
644,contemporaneocidadeverde,ef 5o ano,4.0
645,escolaceciliameireles,ef 2o ano,4.0
646,qescola,em 2a serie,4.0
647,amaisteste,ef 6o ano,4.0
648,amaisteste,ef 9o ano,4.0
649,ciadosaber,ef 6o ano,4.0
650,colegiouirapuru,ef 8o ano,4.0
651,hamiltondarocha,ef 6o ano,4.0
652,colegiobetelbrasileirosp,ef 8o ano,4.0
653,colegiouniverso,em 1a serie,3.0
654,overpontanegra,ef 7o ano,3.0
655,mesalva,em 3a serie,3.0
656,colegioglobal,em 1a serie,3.0
657,mariliamattoso,ef 6o ano,3.0
658,einsteinassis,ef 1o ano,3.0
659,albertocabral,ef 5o ano,3.0
660,invictus,ef 2o ano,3.0
661,universobarcarena,ef 8o ano,3.0
662,integra,ef 8o ano,3.0
663,mariliamattoso,ef 9o ano,3.0
664,albertocabral,ef 1o ano,3.0
665,integra,ef 6o ano,3.0
666,stellamarisaguaverde,ef 5o ano,3.0
667,ceprimeiromundo,ef 8o ano,2.6666666666666665
668,universobarcarena,ef 7o ano,2.5
669,colegiouniverso,em 2a serie,2.5
670,qescola,infantil ii,2.0
671,joaorosa,ef 8o ano,2.0
672,joaorosa,ef 9o ano,2.0
673,josesoares,ef 4o ano,2.0
674,isem,ef 8o ano,2.0
675,contemporaneocidadeverde,ef 8o ano,2.0
676,universobarcarena,ef 6o ano,2.0
677,eccos,ef 2o ano,2.0
678,sobral,outro,2.0
679,albertocabral,ef 2o ano,2.0
680,acessocampolargo,ef 6o ano,2.0
681,venceslauchaves,ef 4o ano,1.0
682,isem,ef 7o ano,1.0
683,overpontanegra,ef 9o ano,1.0
684,abiliomartins,ef 7o ano,1.0
685,abiliomartins,ef 6o ano,1.0
686,sasadapt,ef 6o ano,1.0
687,overmarciliofurtado,ef 7o ano,1.0
688,colegiointegral,ef 1o ano,1.0
689,josesoares,ef 5o ano,1.0
690,conexaosaber,ef 2o ano,1.0
691,overmarciliofurtado,ef 6o ano,1.0
692,overjoaopessoa,em 1a serie,1.0
693,pesenglish,outro,1.0
694,educamais,ef 8o ano,1.0
695,pioxi,ef 3o ano,1.0
696,sasadapt,outro,1.0
697,sasadapt,em 3a serie,1.0
698,psantagema,outro,1.0
