,namespace,Unnamed: 0,Porcentagem de administradores que visualizaram relat√≥rios de AD
0,dommga,1,1.0
1,jardimsaopaulo,3,0.6666666666666666
2,beityaacov,3,0.6666666666666666
3,equipe,2,0.5
4,colegiocb,4,0.5
5,porto,4,0.5
6,saberviver,3,0.3333333333333333
7,cursoleopoldo,3,0.3333333333333333
8,institutoeurofarma,9,0.3333333333333333
9,aescobjetivo,19,0.3157894736842105
10,francobrasileiro,4,0.25
11,colegioalphaunis,4,0.25
12,ceabb,4,0.25
13,ismart,4,0.25
14,colegiomundial,9,0.2222222222222222
15,colegiobilac,5,0.2
16,colegionovageracao,5,0.2
17,magister,16,0.1875
18,physicscidadenova,28,0.17857142857142858
19,ceespacolivre,6,0.16666666666666666
20,physicsalmirantebarroso,39,0.15384615384615385
21,acessosantafelicidade,27,0.14814814814814814
22,colegioflamingo,7,0.14285714285714285
23,souhabilis,7,0.14285714285714285
24,santoamerico,7,0.14285714285714285
25,colegioarena,16,0.125
26,colegioglobal,8,0.125
27,physicsumarizal,25,0.12
28,physicsconselheirofurtado,26,0.11538461538461539
29,stellamarisjuveve,36,0.1111111111111111
30,physicsalcindocacela,27,0.1111111111111111
31,portinari,36,0.1111111111111111
32,casdinhosjc,36,0.1111111111111111
33,spdacruz,9,0.1111111111111111
34,acessoalmirantetamandare,29,0.10344827586206896
35,sas,39,0.10256410256410256
36,acessopinhais,30,0.1
37,eccos,11,0.09090909090909091
38,physicsmacapa,23,0.08695652173913043
39,master,95,0.08421052631578947
40,universitariolondrina,49,0.08163265306122448
41,colegioplanck,16,0.0625
42,acessoboqueirao,34,0.058823529411764705
43,colegiodasamericas,19,0.05263157894736842
44,alpha,21,0.047619047619047616
45,elitecuritibaemilianoperneta,22,0.045454545454545456
46,physicsaugustomontenegro,22,0.045454545454545456
47,colegiosete,22,0.045454545454545456
48,stellamarisaguaverde,23,0.043478260869565216
49,overjoaopessoa,23,0.043478260869565216
50,acessofazendariogrande,24,0.041666666666666664
51,contemporaneocidadeverde,25,0.04
52,contemporaneolagoanova,26,0.038461538461538464
53,physicsbatistacampos,30,0.03333333333333333
54,acessocampolargo,31,0.03225806451612903
55,overabelcabral,31,0.03225806451612903
56,colegiobrasilia,31,0.03225806451612903
57,casdvest,35,0.02857142857142857
58,crb,295,0.013559322033898305
59,novotempo,112,0.008928571428571428
60,lourencofilho,1,0.0
61,litteratus,5,0.0
62,nsressureicao,1,0.0
63,magma,1,0.0
64,magna,5,0.0
65,magno,4,0.0
66,linkandlearn,3,0.0
67,lighthouse,2,0.0
68,liessinbarra,3,0.0
69,madresavina,1,0.0
70,liessin,4,0.0
71,liderasas,2,0.0
72,lidera,9,0.0
73,liceusalesiano,1,0.0
74,liceujardim,10,0.0
75,liceufranco,1,0.0
76,libanobrasileiro,2,0.0
77,magnum,2,0.0
78,madretereza,2,0.0
79,macvest,30,0.0
80,lourdinascg,1,0.0
81,liviacarneiro,10,0.0
82,lucasmadsen,1,0.0
83,losango,1,0.0
84,logicareforcoescolar,1,0.0
85,nucec,3,0.0
86,lerote,2,0.0
87,luizgonzaga,48,0.0
88,livreaprender,1,0.0
89,lumen,3,0.0
90,lumiere,1,0.0
91,luminaedu,2,0.0
92,maanaim,1,0.0
93,macbrasiliaint,2,0.0
94,machadodeassispicos,3,0.0
95,mackenziebrasilia,4,0.0
96,mackenziesaopaulo,17,0.0
97,liviasoares,2,0.0
98,mackenzietambore,9,0.0
99,llesser,1,0.0
100,lasallesp,3,0.0
101,lepetitsp,2,0.0
102,joaosampaio,49,0.0
103,nuvemvoadora,2,0.0
104,josepinheiro,12,0.0
105,objetivoamericana,5,0.0
106,josemelo,5,0.0
107,josemariano,2,0.0
108,josehumbertoborges,3,0.0
109,joseflorencio,2,0.0
110,josecesario,1,0.0
111,josecabral,2,0.0
112,joracycruz,1,0.0
113,joaoxxiii,15,0.0
114,joaorosa,47,0.0
115,jpathias,1,0.0
116,joaopedrodealmeida,2,0.0
117,joaolyrafilho,1,0.0
118,objetivocentro,2,0.0
119,objetivoguaxupe,2,0.0
120,joaohmendonca,3,0.0
121,joaoferreira,48,0.0
122,joaobelem,48,0.0
123,jhg,1,0.0
124,jesusmariajose,3,0.0
125,jeanpiaget,2,0.0
126,jeanjacquesrousseau,2,0.0
127,josesoares,3,0.0
128,juarezwanderley,3,0.0
129,nucleo,4,0.0
130,laboratoriosromildo,2,0.0
131,leonor,1,0.0
132,leme,1,0.0
133,lealecarvalho,2,0.0
134,lavraguedes,2,0.0
135,manoelbatista,11,0.0
136,lasalledores,7,0.0
137,lasalleaguasclaras,2,0.0
138,lapisnamao,1,0.0
139,lapiseartes,2,0.0
140,lamark,1,0.0
141,lagracia,1,0.0
142,nucleocriativo,4,0.0
143,juntos,2,0.0
144,labatualidades,1,0.0
145,kzdireitodigital,1,0.0
146,kuadro,3,0.0
147,nucleopva,2,0.0
148,kl3,3,0.0
149,kiujo,1,0.0
150,kijuj,1,0.0
151,kidsbaby,2,0.0
152,khanacademy,1,0.0
153,kerygma,1,0.0
154,kepler,1,0.0
155,magnumagostiniano,4,0.0
156,marcosfreitas,2,0.0
157,manoelbernardino,12,0.0
158,mfecursos,4,0.0
159,mundialcc,2,0.0
160,msofia,2,0.0
161,msetemporario,2,0.0
162,mov,2,0.0
163,motivacao,2,0.0
164,motiva,3,0.0
165,moria,2,0.0
166,moppe,12,0.0
167,montessori,16,0.0
168,nsaparecida,1,0.0
169,montedasoliveiras,4,0.0
170,monsenhorgoncalo,50,0.0
171,monsenhorfrancisco,48,0.0
172,moniquebarreto,2,0.0
173,mocinhagomes,9,0.0
174,mobile,3,0.0
175,moaciralves,49,0.0
176,mls,2,0.0
177,miraflores,2,0.0
178,minhalista,3,0.0
179,milhaense,1,0.0
180,migueldecervantes,4,0.0
181,nsconceicao,3,0.0
182,mundialfranciscobeltrao,6,0.0
183,mundodeplatao,4,0.0
184,mundoencantado,1,0.0
185,nihongogakkou,1,0.0
186,novavisao,2,0.0
187,novageracaope,2,0.0
188,novooriente,1,0.0
189,novaepoca,1,0.0
190,novadimensao,3,0.0
191,novaalianca,4,0.0
192,nova,2,0.0
193,notredame,4,0.0
194,nossasenhoradesion,2,0.0
195,nilip,1,0.0
196,nextgestor,1,0.0
197,mupi,1,0.0
198,newtonpaiva,1,0.0
199,nesfa,3,0.0
200,nep,3,0.0
201,necicem,2,0.0
202,navegasas,3,0.0
203,nav,1,0.0
204,naia,1,0.0
205,nageljewishacademy,1,0.0
206,mutiraodesaomarcos,1,0.0
207,murilorocha,49,0.0
208,nsdasgracas,2,0.0
209,metodocerto,6,0.0
210,manoelfrancisco,9,0.0
211,metodistadosul,1,0.0
212,maristadomsilverio,11,0.0
213,jazzvestibular,2,0.0
214,maristacentronorte,1,0.0
215,marinanascimento,1,0.0
216,mariliamattoso,23,0.0
217,mariaolinda,48,0.0
218,marianair,2,0.0
219,mariamerces,11,0.0
220,marialuiza,2,0.0
221,marialeao,11,0.0
222,marialaura,49,0.0
223,mariaeunice,49,0.0
224,mariacarmo,14,0.0
225,mariaaugusta,1,0.0
226,novoemlasalle,1,0.0
227,marciliopires,3,0.0
228,marcelochumer,1,0.0
229,marcelinasbotucatu,1,0.0
230,maplebearslz,18,0.0
231,maper,2,0.0
232,manoelqueiroz,11,0.0
233,manoelpereira,1,0.0
234,manoelmarcelino,11,0.0
235,nsgloria,4,0.0
236,maristajoaopauloii,2,0.0
237,marketing,1,0.0
238,mayrink,2,0.0
239,meta,11,0.0
240,mestrezecaamancio,1,0.0
241,mestre,1,0.0
242,nsdasneves,1,0.0
243,mesalva,6,0.0
244,mentoring,2,0.0
245,meninojesuspe,2,0.0
246,nsdosagradocoracao,2,0.0
247,melquiadescamelo,47,0.0
248,medcel,2,0.0
249,maxime,2,0.0
250,marqueslima,1,0.0
251,maxeducacional,1,0.0
252,matriz,18,0.0
253,mathmind,3,0.0
254,materdei,2,0.0
255,nsfatima,48,0.0
256,materamabilis,3,0.0
257,mastersul,3,0.0
258,mastersolucoes,10,0.0
259,masternatal,3,0.0
260,masterbezerra,3,0.0
261,maristacolatina,1,0.0
262,abb,1,0.0
263,jam,2,0.0
264,franciscopinto,9,0.0
265,franciscanopioxii,4,0.0
266,forumcultural,3,0.0
267,formacao,2,0.0
268,fontenova,1,0.0
269,fmu,2,0.0
270,fmit,4,0.0
271,florestasenadorcanedo,2,0.0
272,flordenicedacosta,2,0.0
273,fleming,1,0.0
274,fito,5,0.0
275,fisicamarginal,1,0.0
276,fisicainloco,3,0.0
277,fisicadf,3,0.0
278,fip,1,0.0
279,finalizandabagaca,2,0.0
280,fiep,2,0.0
281,fide,1,0.0
282,fernaogaivota,1,0.0
283,fepcrato,2,0.0
284,felipemanoelcampos,3,0.0
285,febave,3,0.0
286,fazeducacao,5,0.0
287,fatene,1,0.0
288,fariasbrito,3,0.0
289,faculdadeterranordeste,2,0.0
290,franciscoperes,48,0.0
291,fsjb,2,0.0
292,faculdadeguarai,2,0.0
293,ftd,9,0.0
294,ginasiodeeducacaodavinci,3,0.0
295,ginasioanchieta,2,0.0
296,gestaodenegocios,1,0.0
297,geraeduca,3,0.0
298,geracaocolegioecurso,2,0.0
299,geracaoatual,2,0.0
300,gerabixo,8,0.0
301,genius,1,0.0
302,genesisstellamaris,1,0.0
303,genesislife,1,0.0
304,genesiscolegioecurso,4,0.0
305,gef,1,0.0
306,gdv,2,0.0
307,gaylussac,2,0.0
308,garra,1,0.0
309,gamt,7,0.0
310,galois,3,0.0
311,galileugalilei,1,0.0
312,gaga,2,0.0
313,gacc,3,0.0
314,gabrielrtaliuli,1,0.0
315,futuroeducacional,1,0.0
316,fundacaoeducar,8,0.0
317,fundacaobradesco,1,0.0
318,ftec,3,0.0
319,faculdadejaguariuna,1,0.0
320,faculdadeflamingo,18,0.0
321,girassolcrecheescola,1,0.0
322,espacolivre,4,0.0
323,espacoamais,3,0.0
324,esmg,2,0.0
325,escreva,2,0.0
326,escprogressiva,2,0.0
327,escolinhacaca,1,0.0
328,escolazeferino,1,0.0
329,escolavitoriaregia,4,0.0
330,escolavida,4,0.0
331,escolatecnicadoimperador,1,0.0
332,escolasoito,1,0.0
333,escolasementesdoamanha,2,0.0
334,escolasapiencia,4,0.0
335,escolasanti,2,0.0
336,escolasantamarta,1,0.0
337,escolasantamariagoretti,1,0.0
338,escolasantamaria,3,0.0
339,escolasantaclara,2,0.0
340,escolasantacatarina,2,0.0
341,escolargf,1,0.0
342,escolarealeza,1,0.0
343,escolaraulpilla,2,0.0
344,escolaraiodeluz,1,0.0
345,escolaprofessorxavier,1,0.0
346,escolapresblp,2,0.0
347,escolapresbiterianadecanal,4,0.0
348,espacoeducar,3,0.0
349,especificocn,2,0.0
350,faculdadeamadeus,13,0.0
351,esperanza,2,0.0
352,facesp,1,0.0
353,facens,1,0.0
354,experimentacaogratuita,1,0.0
355,experimentacao,1,0.0
356,exitoinstituto,2,0.0
357,exato,2,0.0
358,evolucaojpa,2,0.0
359,evolucao,5,0.0
360,evangelicoce,2,0.0
361,evangelicobetel,4,0.0
362,evangelicobebedouro,2,0.0
363,evangelicagoianesia,5,0.0
364,evangcriancafeliz,4,0.0
365,eurekacolegio,2,0.0
366,eucorrijo,1,0.0
367,etsaomatheus,1,0.0
368,etepsjc,1,0.0
369,etaf,1,0.0
370,estudar,1,0.0
371,estreladedavi,3,0.0
372,esteioeducacaoadventista,2,0.0
373,estantemagica,39,0.0
374,estantefix,1,0.0
375,esramada,4,0.0
376,esperoqueestesejaok,2,0.0
377,giramundo,2,0.0
378,gislainerosati,2,0.0
379,jaimekratz,3,0.0
380,ipcf,3,0.0
381,ipanemanotredame,1,0.0
382,ipae,2,0.0
383,ios,2,0.0
384,invictus,6,0.0
385,intensivaocomalu,1,0.0
386,integraformacoes,4,0.0
387,integradaruibarbosa,2,0.0
388,integradaeducativa,5,0.0
389,integra,14,0.0
390,institutosaojose,2,0.0
391,institutopandavas,2,0.0
392,institutomuda,1,0.0
393,institutomontessori,1,0.0
394,institutomeninodedeus,2,0.0
395,institutomariobragancamg,2,0.0
396,institutomariaauxiliadora,8,0.0
397,institutokairos,5,0.0
398,institutoideia,10,0.0
399,institutoeducacionalsuperacao,1,0.0
400,institutoeducacionalflorence,1,0.0
401,institutoeducacionaldeamericana,2,0.0
402,institutoeducacionalanaoliveira,2,0.0
403,institutoeducacaosp,2,0.0
404,institutocristaoma,2,0.0
405,institutocristaoeducacao,1,0.0
406,ipcabofrio,4,0.0
407,ipdhsolucoes,2,0.0
408,institutocolorir,1,0.0
409,ipec,4,0.0
410,ivv,1,0.0
411,ivantotola,1,0.0
412,iter,1,0.0
413,itamarati,22,0.0
414,italo,1,0.0
415,ispindorama,2,0.0
416,isemear,7,0.0
417,isem,6,0.0
418,isec,3,0.0
419,objetivogurupi,1,0.0
420,iraciveiga,1,0.0
421,iracilvianunes,4,0.0
422,iracemarufino,49,0.0
423,ipresbiterianocf,1,0.0
424,ipirangasesi,2,0.0
425,ipi,1,0.0
426,ipetucurui,5,0.0
427,ipesimonton,5,0.0
428,iperesende,3,0.0
429,ipepirai,5,0.0
430,ipeonline,1,0.0
431,ipenilopolis,5,0.0
432,ipemg,5,0.0
433,ipeeducacao,1,0.0
434,ipeccotia,2,0.0
435,institutocristao,1,0.0
436,institutocaminhar,7,0.0
437,goncalomartins,48,0.0
438,idb,2,0.0
439,iceducacao,2,0.0
440,ias,1,0.0
441,iacs,4,0.0
442,iabcd,5,0.0
443,humbertocampos,1,0.0
444,hubeducacional,2,0.0
445,https://colegiomastersp,1,0.0
446,hogwarts,1,0.0
447,highline,12,0.0
448,herciliovilanova,2,0.0
449,harmoniabilingue,1,0.0
450,hamiltondarocha,11,0.0
451,hackiandoaeduc,2,0.0
452,habillis,1,0.0
453,habilisescolaecurso,3,0.0
454,habilis,1,0.0
455,guroo,1,0.0
456,guilhermefilho,50,0.0
457,guidotti,1,0.0
458,gualberto,1,0.0
459,grupopreve,1,0.0
460,grupoiep,3,0.0
461,grandepasso,4,0.0
462,granbery,1,0.0
463,gracinha,1,0.0
464,idaam,43,0.0
465,idealbsb,2,0.0
466,institutoauxiliadoradf,2,0.0
467,idealsagradocoracaodejesus,1,0.0
468,institutoadventus,3,0.0
469,inspiresjc,1,0.0
470,inspire,4,0.0
471,inspira,1,0.0
472,insgmacae,3,0.0
473,insef,2,0.0
474,insa,5,0.0
475,inovar,1,0.0
476,ingenious,2,0.0
477,informacao,3,0.0
478,imundoideal,2,0.0
479,implantacao,5,0.0
480,impactofloriano,1,0.0
481,imjedu,1,0.0
482,imhpicos,3,0.0
483,imep,3,0.0
484,imaculada,2,0.0
485,igmk,4,0.0
486,iftmparacatu,1,0.0
487,ifaba,2,0.0
488,iesg,1,0.0
489,iescamp,1,0.0
490,iepam,1,0.0
491,ienh,1,0.0
492,ienec,2,0.0
493,isaacnewtonsp,3,0.0
494,over,7,0.0
495,objetivohortolandia,2,0.0
496,sesigama,3,0.0
497,simontonsapezal,4,0.0
498,simontondf,2,0.0
499,simonealmeida,1,0.0
500,simbios,16,0.0
501,sigmacursoecolegio,2,0.0
502,sidarta,4,0.0
503,shekinah,3,0.0
504,shalomblumenau,4,0.0
505,sesitaubate,4,0.0
506,sesitatuape,1,0.0
507,sesisumare,4,0.0
508,sesisjdoriopreto,5,0.0
509,sesisjc,1,0.0
510,sesisbc,5,0.0
511,sesisaomigueldooeste,1,0.0
512,sesisaocarlos,4,0.0
513,sesiportoferreira,1,0.0
514,sesipinda,3,0.0
515,sesiparaguacupaulista,4,0.0
516,sesilimeira,1,0.0
517,sesijacarei,3,0.0
518,sesiitatiba,3,0.0
519,sesiipiranga,4,0.0
520,sesiigaracudotiete,5,0.0
521,sesihorto,5,0.0
522,simplificaquepassa,2,0.0
523,simuladoenem2016,1,0.0
524,simuladoita,12,0.0
525,smecolegioevangelicoluz,2,0.0
526,solarcursinho,1,0.0
527,sociedadebread,2,0.0
528,sobral,3,0.0
529,smetatui,2,0.0
530,smerousseau,1,0.0
531,smepresbiterianopprudente,3,0.0
532,smemhorebe,2,0.0
533,smelemeitapeva,7,0.0
534,smeisaacnewton,1,0.0
535,smeipebotucatu,4,0.0
536,smecristaodecastro,1,0.0
537,sme,9,0.0
538,simulados,1,0.0
539,smartz,2,0.0
540,sjoseegito,3,0.0
541,sistemaprima,9,0.0
542,sistemamaster,1,0.0
543,sistemaincentivo,13,0.0
544,sistemafb,3,0.0
545,sistemaeducacionalmaster,3,0.0
546,sistemadeensinogpi,1,0.0
547,siqueirafelix,1,0.0
548,singularidades,4,0.0
549,sincroniza,3,0.0
550,sesigru,4,0.0
551,sesidescalvado,7,0.0
552,santaizabel,2,0.0
553,sesicruzeiro,5,0.0
554,sasadaptrelatorios,31,0.0
555,sasadaptfund,4,0.0
556,sasadaptem,4,0.0
557,sasadapt,10,0.0
558,sap,7,0.0
559,saosebastiao,2,0.0
560,saoroque,2,0.0
561,saoluiz,4,0.0
562,saojosecaxiasdosul,2,0.0
563,saojosecaxias,2,0.0
564,saojoseal,1,0.0
565,saojoaoilhabela,1,0.0
566,saobento,2,0.0
567,santoantoniojesus,1,0.0
568,santoantonio,4,0.0
569,santoamericoteste,3,0.0
570,santoagostinhomg,4,0.0
571,santoagostinholeblon,2,0.0
572,santoagostinho,3,0.0
573,santissimosenhor,3,0.0
574,santenseadventista,1,0.0
575,santarita,3,0.0
576,santanavest,2,0.0
577,santamariacn,1,0.0
578,santamaria,2,0.0
579,saseducacao,31,0.0
580,saturninopereira,1,0.0
581,scoredu,1,0.0
582,serios,2,0.0
583,sesicrixas,1,0.0
584,sesicotia,4,0.0
585,sesicic,1,0.0
586,sesicampinas,4,0.0
587,sesicacapava,3,0.0
588,sesibarrabonita,5,0.0
589,sesiapucarana,2,0.0
590,sesiamericana,10,0.0
591,sesialvaresmachado,4,0.0
592,sesi376,1,0.0
593,sersorocaba,5,0.0
594,seomega,2,0.0
595,secretariadealagoas,2,0.0
596,senninha,4,0.0
597,senhorbonfim,48,0.0
598,senaismo,1,0.0
599,senaiserra,1,0.0
600,senaiourobranco,1,0.0
601,senacsc,1,0.0
602,sementes,1,0.0
603,semearjacarei,2,0.0
604,seletivoeducallis,7,0.0
605,segurancadigital,1,0.0
606,seculo,1,0.0
607,sonhodecrianca,2,0.0
608,sonhomeu,1,0.0
609,sosmamaecoruja,1,0.0
610,soueducativa,3,0.0
611,viaquatro,1,0.0
612,viadeacesso,8,0.0
613,vetorbrasil,1,0.0
614,vetor,1,0.0
615,vestibularcidadao,11,0.0
616,vertice,3,0.0
617,veramagaldi,2,0.0
618,veracruz,2,0.0
619,venceslauchaves,3,0.0
620,vencermelhor,3,0.0
621,vcmaker,14,0.0
622,vanessaramos,1,0.0
623,valsaab,1,0.0
624,valdemiracoelho,49,0.0
625,vaivaivaivaivai,1,0.0
626,usj,1,0.0
627,ursinhofeliz,3,0.0
628,uri,2,0.0
629,universos,3,0.0
630,universobarcarena,22,0.0
631,universitas,5,0.0
632,universitario,8,0.0
633,universidademetodistasp,1,0.0
634,uninter,4,0.0
635,unilan,1,0.0
636,vicentecravo,9,0.0
637,vieiraeducacional,1,0.0
638,vieirasantos,2,0.0
639,walfridocampos,1,0.0
640,zecarioca,14,0.0
641,zacariasliberato,9,0.0
642,yduqs,3,0.0
643,xvdenovembro,1,0.0
644,www,5,0.0
645,witidiomas,2,0.0
646,wisecash,2,0.0
647,wise,1,0.0
648,wilsondeandradebarreto,1,0.0
649,wererockingitbabe,1,0.0
650,webinars,1,0.0
651,vronlineschool,1,0.0
652,viladainfanciaeusebio,3,0.0
653,vivap,3,0.0
654,vitaldidonet,2,0.0
655,vitalbrazil,3,0.0
656,vitae,6,0.0
657,visaorecife,2,0.0
658,virgempoderosa,3,0.0
659,villalobos,18,0.0
660,vilaolimpia,2,0.0
661,vilagelin,3,0.0
662,viladasletras,1,0.0
663,viladainfanciafortaleza,4,0.0
664,unificado,18,0.0
665,unicursos,1,0.0
666,unicep,1,0.0
667,tdd,1,0.0
668,testedozeset,1,0.0
669,testedetoken,1,0.0
670,testeconquista,1,0.0
671,teste,6,0.0
672,tesadsajda,1,0.0
673,terezaverzeri,1,0.0
674,terceiromilenio,2,0.0
675,terceiradimensao,1,0.0
676,teotonioneto,4,0.0
677,teofilorezende,1,0.0
678,teles,1,0.0
679,tableautaubate,1,0.0
680,testeiory,1,0.0
681,tabernaculo,3,0.0
682,superpasso,1,0.0
683,supergeeks,1,0.0
684,superar,2,0.0
685,suellenenglishteacher,1,0.0
686,suelenenglishteacher,1,0.0
687,studos,1,0.0
688,stone,1,0.0
689,stellamarisxaxim,23,0.0
690,stellamaris,7,0.0
691,spe,1,0.0
692,testeguilherme,1,0.0
693,testeonzesetembro,2,0.0
694,uniaomissnorte,2,0.0
695,tsukimi,1,0.0
696,unevale,3,0.0
697,unbidiomasjapones,3,0.0
698,umnomequalquer,1,0.0
699,umdoisquatro,1,0.0
700,ultimavezeuespero,1,0.0
701,ulbraconcordia,2,0.0
702,ulbra,4,0.0
703,uirapuru,1,0.0
704,ufrpe,1,0.0
705,tuue,1,0.0
706,tutorio,2,0.0
707,trattoatelier,2,0.0
708,testetvveconquista,2,0.0
709,topgunverissimo,7,0.0
710,topguncolombo,7,0.0
711,topdelinha,2,0.0
712,tomazdeaquino,2,0.0
713,tomasdeaquino,2,0.0
714,todalicao,2,0.0
715,tiquinhodegente,2,0.0
716,tiathais,3,0.0
717,tialo,2,0.0
718,tiaanamaria,2,0.0
719,textecnologia,1,0.0
720,santamarcelina,2,0.0
721,santahelena,1,0.0
722,objetivolorena,19,0.0
723,pioxi,15,0.0
724,portalcvm,2,0.0
725,portalceuaguiar,2,0.0
726,polisguimarania,1,0.0
727,poliedrotreinamento,5,0.0
728,poliedropv,45,0.0
729,poliedro,40,0.0
730,poiujkl,1,0.0
731,pointedu,1,0.0
732,podion,3,0.0
733,pluricrecheescola,2,0.0
734,plurecrecheescola,1,0.0
735,plural,1,0.0
736,plenusprevest,2,0.0
737,plenuspetrolina,2,0.0
738,pleno,1,0.0
739,playpen,3,0.0
740,plannetataboao,4,0.0
741,plannetaosasco,2,0.0
742,planneta,1,0.0
743,planetaencantado,2,0.0
744,pitagorasjuruti,3,0.0
745,pitagorasjc,1,0.0
746,pitagorascidadejardim,2,0.0
747,piracicabaeducacaoadventista,2,0.0
748,pioxiicolegio,13,0.0
749,portalsas,2,0.0
750,portoseguro,4,0.0
751,positivo,2,0.0
752,preparavest,4,0.0
753,presbjuina,2,0.0
754,presbiterianotatui,4,0.0
755,presbiterianopresidenteprudente,1,0.0
756,presbiterianomacae,2,0.0
757,presbiterianodepiumhi,4,0.0
758,presbiterianoaraguaia,1,0.0
759,presbiterianajdsaovicente,3,0.0
760,presbiterianadogama,3,0.0
761,presbiterianacastanheira,3,0.0
762,presbfmc,2,0.0
763,presbericocardoso,2,0.0
764,preparatec,2,0.0
765,positivoaguaverde,5,0.0
766,preparacursos,2,0.0
767,potenciacao,1,0.0
768,positivosemeador,5,0.0
769,positivosantamaria,5,0.0
770,positivopassocerto,5,0.0
771,positivoon,4,0.0
772,positivomaster,5,0.0
773,positivojunior,5,0.0
774,positivojoinville,5,0.0
775,positivojardimambiental,4,0.0
776,positivoboavista,5,0.0
777,pioxii,5,0.0
778,pinheirosonline,2,0.0
779,santagertrudes,1,0.0
780,piemonte,3,0.0
781,ovquim,2,0.0
782,overzonanorte,23,0.0
783,overpontanegra,26,0.0
784,overnascimentodecastro,26,0.0
785,overmossoro,25,0.0
786,overmarciliofurtado,26,0.0
787,overlimaesilva,20,0.0
788,overcolegioecurso,2,0.0
789,escolapppp,2,0.0
790,ouse,4,0.0
791,oswalddeandrade,4,0.0
792,oswald,2,0.0
793,osequim,2,0.0
794,opet,1,0.0
795,ongcidadededeus,2,0.0
796,oliveiranetto,1,0.0
797,olavonunes,2,0.0
798,oiapoque,1,0.0
799,oficinadoestudante,22,0.0
800,obrasilparacristo,5,0.0
801,objetivozonanorte,1,0.0
802,objetivoteresina,2,0.0
803,objetivosorocaba,1,0.0
804,objetivosjc,1,0.0
805,objetivoportal,1,0.0
806,padreeustaquio,9,0.0
807,palasatena,2,0.0
808,palmares,2,0.0
809,pensecursos,10,0.0
810,physicstrescoracoes,7,0.0
811,physics,18,0.0
812,phoenixeducacional,3,0.0
813,pesenglish,16,0.0
814,pertinhodanatureza,1,0.0
815,personalvestibulares,2,0.0
816,peresguimaraes,1,0.0
817,pequenospassos,1,0.0
818,pequenosamuel,4,0.0
819,pentagono,27,0.0
820,pensemac,2,0.0
821,pencantado,1,0.0
822,paraisodosaber,1,0.0
823,pedromurilo,4,0.0
824,pedrocamelo,48,0.0
825,pearson,2,0.0
826,pcf,1,0.0
827,pauloviana,9,0.0
828,paulovi,2,0.0
829,paulofreire,2,0.0
830,patronatosaojose,1,0.0
831,patriciafreitas,1,0.0
832,patriciafigueiredo,2,0.0
833,parceiros,1,0.0
834,presbpatominas,2,0.0
835,prevest,4,0.0
836,primeirachance,2,0.0
837,primeirodemaio,5,0.0
838,riscorabisco,1,0.0
839,riobrancocampinas,2,0.0
840,ricardowobeto,1,0.0
841,renascer,1,0.0
842,renascenca,2,0.0
843,relacionamento,1,0.0
844,reisalomao,1,0.0
845,reges,3,0.0
846,reforcotiacoruja,1,0.0
847,reforcoescolarla,2,0.0
848,redhouse,3,0.0
849,redeprojecao,20,0.0
850,redemarista,1,0.0
851,redeisaacnewton,5,0.0
852,redeinspira,6,0.0
853,redefilhasdejesus,2,0.0
854,redeclarissas,1,0.0
855,redeapogeu,2,0.0
856,rede,4,0.0
857,redacaointerativa,1,0.0
858,recriar,2,0.0
859,recreiochristianschool,1,0.0
860,recantointerativo,2,0.0
861,recantodosaber,3,0.0
862,rcaidiomas,2,0.0
863,robertomarcal,1,0.0
864,rodrigogabrielcursosonline,1,0.0
865,rogeriolourenco,1,0.0
866,salesianoaracaju,2,0.0
867,santadoroteia,6,0.0
868,santacruz,2,0.0
869,santaclara,1,0.0
870,santacatarinaes,3,0.0
871,santaamalia,2,0.0
872,sandraoliveira,2,0.0
873,sanar,1,0.0
874,salinhadogui,1,0.0
875,salesianorecife,2,0.0
876,salesianodosalvador,2,0.0
877,salesianocampos,1,0.0
878,saladeexatas,1,0.0
879,rosadesaron,1,0.0
880,saladacristiane,1,0.0
881,saintmartin,1,0.0
882,saintgobain,3,0.0
883,sagradocoracaodejesus,2,0.0
884,sagradafamilia,4,0.0
885,saedigital,1,0.0
886,saea,2,0.0
887,sabixao,1,0.0
888,ruthgomesfigueira,4,0.0
889,ruilima,1,0.0
890,ruibarbosa,1,0.0
891,raphaeldisanto,4,0.0
892,raphaelaulasparticulares,1,0.0
893,raizeducacao,6,0.0
894,profederal,14,0.0
895,profroberta,1,0.0
896,profluizbilac,1,0.0
897,profilton,1,0.0
898,professormarciodarlen,1,0.0
899,professorgilberto,1,0.0
900,professoraleila,2,0.0
901,professorale,1,0.0
902,professoragleise,1,0.0
903,professoradechines,1,0.0
904,professor,1,0.0
905,profeduardo,1,0.0
906,profdouglas,1,0.0
907,progressaoeducacao,1,0.0
908,profdiego,2,0.0
909,profcrisfranco,1,0.0
910,profcelso,1,0.0
911,proens,1,0.0
912,prodteste,9,0.0
913,proa,2,0.0
914,prismapatrocinio,7,0.0
915,prisma,7,0.0
916,principius,14,0.0
917,principedapaz,2,0.0
918,primeiromundo,9,0.0
919,progressaodc,10,0.0
920,progressaoig,10,0.0
921,raiodesol,2,0.0
922,pucsp,2,0.0
923,raimundoalves,9,0.0
924,radial,1,0.0
925,quimicanadosecerta,1,0.0
926,questoesvitae,1,0.0
927,queroaprender,2,0.0
928,qmdoismildez,1,0.0
929,qi,21,0.0
930,qescola,102,0.0
931,qeducadores,1,0.0
932,purissimo,3,0.0
933,pulamuralha,1,0.0
934,puccampinas,1,0.0
935,projetodeventoempopa,3,0.0
936,psantagema,7,0.0
937,prudentedemorais,2,0.0
938,providencia,2,0.0
939,provaspoliedro,44,0.0
940,prosperi,1,0.0
941,propostaatual,2,0.0
942,projetovinteeum,1,0.0
943,projetovida,12,0.0
944,projetoventoepopa,3,0.0
945,projetomoa,1,0.0
946,projetogauss,3,0.0
947,escolapresb,4,0.0
948,escolakadima,4,0.0
949,escolaporprincipios,4,0.0
950,cmc,2,0.0
951,clubedopimpolho,4,0.0
952,classea,2,0.0
953,ckadima,2,0.0
954,cieb,2,0.0
955,cidadaniaevida,4,0.0
956,cicserratalhada,2,0.0
957,cicerofranklin,3,0.0
958,ciadosaber,3,0.0
959,christianschool,4,0.0
960,chegadeficartestando,1,0.0
961,chcardoso,2,0.0
962,charlesdarwin,2,0.0
963,chamberlain,2,0.0
964,challenge,1,0.0
965,chacaravivaavida,1,0.0
966,cfsantoantonio,1,0.0
967,cfimaculadaconceicao,1,0.0
968,cfc,4,0.0
969,cevip,4,0.0
970,cevangelicoagj,2,0.0
971,cetutores,2,0.0
972,ceteb,2,0.0
973,cesimoesfilho,1,0.0
974,cesilvapaiva,1,0.0
975,cesilvamachado,2,0.0
976,cmariaimaculada,1,0.0
977,cmdpii,1,0.0
978,cejosueroberto,1,0.0
979,cmodelo,1,0.0
980,colegioabgar,2,0.0
981,colegio1mundo,2,0.0
982,colegio15,2,0.0
983,colcognicao,2,0.0
984,colcardealarcoverde,2,0.0
985,colbrasileiro,1,0.0
986,colband,11,0.0
987,cognitivo,3,0.0
988,cognita,3,0.0
989,coelgiocardeal,1,0.0
990,cocunidsul,2,0.0
991,cocaraucaria,1,0.0
992,coc,5,0.0
993,cnsr,2,0.0
994,cnslpb,9,0.0
995,cnsl,1,0.0
996,cnsd,2,0.0
997,cnsco,1,0.0
998,cnscarmo,2,0.0
999,cnsasjc,3,0.0
1000,cnn,1,0.0
1001,cnecporangatu,2,0.0
1002,cnecnovamutum,1,0.0
1003,cmsaipiau,4,0.0
1004,cmpalmas,2,0.0
1005,cesemeando,5,0.0
1006,cesc,3,0.0
1007,cesaber,3,0.0
1008,certus,4,0.0
1009,centroeditalva,1,0.0
1010,centroedcordeiro,1,0.0
1011,centroeaviv,2,0.0
1012,centrodeensinoserrano,1,0.0
1013,centrodeensinosementinhadofuturo,1,0.0
1014,centrodeensinomoderno,2,0.0
1015,centroarcadenoe,2,0.0
1016,centreensinoetreinamento,1,0.0
1017,centec,2,0.0
1018,censic,4,0.0
1019,cenpec,2,0.0
1020,cenic,2,0.0
1021,cenecistaml,1,0.0
1022,cenaza,1,0.0
1023,cempacanguaretamarn,1,0.0
1024,cemonza,2,0.0
1025,cemluciamayvore,2,0.0
1026,cemj,3,0.0
1027,cemaristasaojose,2,0.0
1028,cemardf,1,0.0
1029,cemanoelgoncalves,3,0.0
1030,cema,2,0.0
1031,cem,7,0.0
1032,celp,3,0.0
1033,celauracabral,1,0.0
1034,centroeducacionalaprendiz,4,0.0
1035,centroeducacionalaviv,1,0.0
1036,centroeducacionalbrasileirinho,2,0.0
1037,cepep,1,0.0
1038,cermac,16,0.0
1039,ceribeirogil,3,0.0
1040,cerecantointerativo,2,0.0
1041,cepvilhena,3,0.0
1042,ceprojetar,3,0.0
1043,ceprimeiromundo,32,0.0
1044,cepresbiterianodebayeux,2,0.0
1045,ceprabotucatu,2,0.0
1046,cepquinzedenovembro,1,0.0
1047,cepotencial,2,0.0
1048,ceportoseguro,3,0.0
1049,cepe,3,0.0
1050,centroeducacionalelo,2,0.0
1051,cepaulofreire,1,0.0
1052,cepaulista,1,0.0
1053,cep,1,0.0
1054,centrosuperiordetecnologia,2,0.0
1055,centroescolaranamelia,4,0.0
1056,centroedupincelmagico,1,0.0
1057,centroeducacionalsonhodedeus,2,0.0
1058,centroeducacionalmeta,3,0.0
1059,centroeducacionalkolping,2,0.0
1060,centroeducacionalinovacao,1,0.0
1061,centroeducacionalimpar,3,0.0
1062,colegioabre,14,0.0
1063,colegioadventista,2,0.0
1064,colegioadventus,2,0.0
1065,colegioclarassoti,2,0.0
1066,colegiodompe,2,0.0
1067,colegiodombosco,1,0.0
1068,colegiodoctum,1,0.0
1069,colegiodivinosalvador,1,0.0
1070,colegiodimensao,2,0.0
1071,colegiodigital,4,0.0
1072,colegiodiaspora,2,0.0
1073,colegiodeovolente,3,0.0
1074,colegiodeltaserrinha,2,0.0
1075,colegiodelta,2,0.0
1076,colegiodelrey,4,0.0
1077,colegiodasagradafamilia,1,0.0
1078,colegiodarwin,1,0.0
1079,colegiodantealighieri,1,0.0
1080,colegiodante,1,0.0
1081,colegiocristaopr,1,0.0
1082,colegiocristaomoc,1,0.0
1083,colegiocristaoaquas,2,0.0
1084,colegiocriativo,5,0.0
1085,colegiocriancaecia,2,0.0
1086,colegiocrescer,5,0.0
1087,colegiocpm,6,0.0
1088,colegioconexaosaber,1,0.0
1089,colegioconexao,1,0.0
1090,colegiocognos,33,0.0
1091,colegiodompedrosegundo,1,0.0
1092,colegiodosalvador,9,0.0
1093,colegiodosjesuitas,2,0.0
1094,colegioelo,2,0.0
1095,colegioevoluir,3,0.0
1096,colegioevolucaoce,1,0.0
1097,colegioeverest,8,0.0
1098,colegioestrutural,3,0.0
1099,colegioesmeraldas,2,0.0
1100,colegioequipeba,3,0.0
1101,colegioequipe,1,0.0
1102,colegioensitec,5,0.0
1103,colegioenergiaativa,1,0.0
1104,colegioelshadday,1,0.0
1105,colegioelshadai,2,0.0
1106,colegioeducare,2,0.0
1107,colegiodourado,2,0.0
1108,colegioeducallis,27,0.0
1109,colegioeduardomarques,2,0.0
1110,colegioedsonmonteiro,4,0.0
1111,colegioecursoviver,2,0.0
1112,colegioecursoprogressao,14,0.0
1113,colegioecursoover,2,0.0
1114,colegioecursomeninojesus,2,0.0
1115,colegioecursomagma,2,0.0
1116,colegioecursodesafio,18,0.0
1117,colegioeccos,2,0.0
1118,colegioeag,7,0.0
1119,colegiocoesi,2,0.0
1120,colegiockids,2,0.0
1121,colegioages,2,0.0
1122,colegiocfi,2,0.0
1123,colegioathena,2,0.0
1124,colegioassembleiadedeus,1,0.0
1125,colegioasas,1,0.0
1126,colegioarturferreira,1,0.0
1127,colegioarca,1,0.0
1128,colegioaprendiz,1,0.0
1129,colegioapoiomg,5,0.0
1130,colegioapogeu,1,0.0
1131,colegioantoninaramos,2,0.0
1132,colegioanisio,2,0.0
1133,colegioanglomorumbi,2,0.0
1134,colegioanchietaii,4,0.0
1135,colegioanchietai,4,0.0
1136,colegioanaliafranco,2,0.0
1137,colegioamparosurubim,3,0.0
1138,colegioamericana,1,0.0
1139,colegioalvaromelo,6,0.0
1140,colegioalub,3,0.0
1141,colegioalternativo,2,0.0
1142,colegioalexandra,2,0.0
1143,colegioalbertsabin,2,0.0
1144,colegioalberteinsten,1,0.0
1145,colegioalberteinstein,7,0.0
1146,colegioaguiabelojardim,2,0.0
1147,colegioagnes,2,0.0
1148,colegioatheneu,1,0.0
1149,colegioatibaia,1,0.0
1150,colegioatitude,1,0.0
1151,colegioboasnovas,2,0.0
1152,colegiocepe,1,0.0
1153,colegiocenecistamarica,2,0.0
1154,colegioceman,2,0.0
1155,colegiocebrapi,4,0.0
1156,colegiocatamara,2,0.0
1157,colegiocastelosp,2,0.0
1158,colegiocastelodosaber,1,0.0
1159,colegiocastelo,5,0.0
1160,colegiocarbonell,1,0.0
1161,colegiocanarinho,3,0.0
1162,colegiocaetano,2,0.0
1163,colegiobianguloiv,3,0.0
1164,colegioauxiliadora,3,0.0
1165,colegiobiangulo,4,0.0
1166,colegiobetelbrasileirosp,10,0.0
1167,colegiobatistavr,2,0.0
1168,colegiobatistamineiro,6,0.0
1169,colegiobatistaindependente,3,0.0
1170,colegiobatistadesantarem,3,0.0
1171,colegiobatistadepalmas,1,0.0
1172,colegiobatistadeipiau,2,0.0
1173,colegiobaraodemaua,3,0.0
1174,colegiobal,4,0.0
1175,colegioavanco,2,0.0
1176,cekerigma,3,0.0
1177,ceivanilsoncosta,4,0.0
1178,escolapmundo,1,0.0
1179,apogeupousoalegre,6,0.0
1180,apogeuparademinas,5,0.0
1181,apogeunovohorizonte,7,0.0
1182,apogeumbcursos,6,0.0
1183,apogeudivinopolis,5,0.0
1184,apogeucemap,5,0.0
1185,apogeubenfica,6,0.0
1186,apogeuarcoiris,5,0.0
1187,apogeu,97,0.0
1188,aog,1,0.0
1189,aocubovestibular,1,0.0
1190,aocubo,14,0.0
1191,anyway,1,0.0
1192,antoniovieira,1,0.0
1193,antonioportela,2,0.0
1194,antoniomelo,49,0.0
1195,antoniolima,49,0.0
1196,antoniocesar,2,0.0
1197,antoniairene,48,0.0
1198,antaresseisbocas,25,0.0
1199,antaressantosdumont,24,0.0
1200,antarespraiadeiracema,29,0.0
1201,antarespapicu,29,0.0
1202,antaresjardins,25,0.0
1203,antaresirmamaria,27,0.0
1204,antaresfatima,26,0.0
1205,apogeupiaget,5,0.0
1206,apogeustoantonio1,5,0.0
1207,ceitaipaiva,1,0.0
1208,apogeustoantonio2,26,0.0
1209,augustolaranja,3,0.0
1210,atuall,1,0.0
1211,atmo,3,0.0
1212,ativaaprendizagem,1,0.0
1213,ateneulondrina,2,0.0
1214,assisbrasil,2,0.0
1215,asjiu,1,0.0
1216,asdfghfdsa,1,0.0
1217,asario,2,0.0
1218,arturtavares,12,0.0
1219,arturferreira,2,0.0
1220,arquidiocesano,1,0.0
1221,arp,2,0.0
1222,arlindocavalcanti,4,0.0
1223,aridesa,2,0.0
1224,arena,2,0.0
1225,arco,10,0.0
1226,arcadenoe,2,0.0
1227,arbosscs,1,0.0
1228,arbos,1,0.0
1229,aprovest,4,0.0
1230,aprendemesmo,1,0.0
1231,aprendaquimica,4,0.0
1232,apotec,5,0.0
1233,apogeuuba,5,0.0
1234,antaresbarbosadefreitas,25,0.0
1235,anossaatmosfera,1,0.0
1236,anitagoncalves,2,0.0
1237,animalnaopercebe,1,0.0
1238,agape,3,0.0
1239,aees,2,0.0
1240,aeai,2,0.0
1241,adventus,2,0.0
1242,adventistacaxias,1,0.0
1243,adrianochan,13,0.0
1244,adilsonfranco,1,0.0
1245,adeajuda,2,0.0
1246,acqio,2,0.0
1247,acessosjpinhais,20,0.0
1248,acessoportao,11,0.0
1249,acessohauer,21,0.0
1250,acessoemilianoperneta,11,0.0
1251,acessocampolargokids,21,0.0
1252,acessocampolardo,1,0.0
1253,acessoapogeu,5,0.0
1254,acesso,24,0.0
1255,academicgeek,1,0.0
1256,academiadasespecificas,2,0.0
1257,academiacrista,1,0.0
1258,academiaboaviagem,3,0.0
1259,academia,1,0.0
1260,abm,7,0.0
1261,abiliomartins,49,0.0
1262,abgarrenault,1,0.0
1263,agathos,2,0.0
1264,agathoseducacional,2,0.0
1265,agoramath,1,0.0
1266,alura,3,0.0
1267,anima,2,0.0
1268,anglojacarei,5,0.0
1269,anglocassianoricardo,8,0.0
1270,anchietaba,2,0.0
1271,anchieta,11,0.0
1272,analise,1,0.0
1273,americanobatistadapraiadacosta,1,0.0
1274,amaisteste,17,0.0
1275,amaismaker,1,0.0
1276,amais,101,0.0
1277,amadeus,38,0.0
1278,alternativocursoecolegio,2,0.0
1279,agostiniano,1,0.0
1280,alpheurosa,1,0.0
1281,alphaacompanhamento,2,0.0
1282,almirantebarroso,1,0.0
1283,alfeurosa,5,0.0
1284,alferomendes,1,0.0
1285,alfacembilingue,2,0.0
1286,albertsabin,2,0.0
1287,albertocabral,2,0.0
1288,akmaestra,1,0.0
1289,ahuscao,1,0.0
1290,aguiasdosaber,1,0.0
1291,aurora,1,0.0
1292,autores,1,0.0
1293,auxiliadorarj,2,0.0
1294,campossalles,18,0.0
1295,cce,1,0.0
1296,ccdivitoriaregia,2,0.0
1297,cbpdigital,12,0.0
1298,cbpalmas,4,0.0
1299,cbic,2,0.0
1300,cbbrasileiro,2,0.0
1301,cbatistanovasiao,2,0.0
1302,cbas,2,0.0
1303,cav,2,0.0
1304,caur,3,0.0
1305,cats,2,0.0
1306,catolica,1,0.0
1307,catarinense,3,0.0
1308,catamaravita,3,0.0
1309,castroalves,1,0.0
1310,castelodeeducacao,3,0.0
1311,castelobruxo,1,0.0
1312,castelinhodosaber,1,0.0
1313,cascavelense,1,0.0
1314,carpediem,1,0.0
1315,carlospicaza,2,0.0
1316,cardealarcoverde,2,0.0
1317,cappta,5,0.0
1318,capellakids,4,0.0
1319,capacitacaoinspira,12,0.0
1320,cci,5,0.0
1321,ccncertificadora,2,0.0
1322,ccpa,1,0.0
1323,cecb,2,0.0
1324,cei,2,0.0
1325,cegetsemani,6,0.0
1326,cefa,1,0.0
1327,ceescolita,3,0.0
1328,cedecisivo,1,0.0
1329,cedac,5,0.0
1330,cecharlesdarwin,1,0.0
1331,cecgama,3,0.0
1332,cecenecista,1,0.0
1333,ceccataguases,1,0.0
1334,cecbdf,1,0.0
1335,cebnsa,3,0.0
1336,ccserrinha,2,0.0
1337,cebnossasenhoraaparecida,3,0.0
1338,cebeijaflor,2,0.0
1339,ceasf,2,0.0
1340,cearacruz,2,0.0
1341,ceantoniocarlosmagalhaes,1,0.0
1342,ceantenorreis,2,0.0
1343,cealegriadesaber,1,0.0
1344,ceac,2,0.0
1345,cdi,8,0.0
1346,cdf,3,0.0
1347,cct,3,0.0
1348,canalrevisao,2,0.0
1349,campeia,1,0.0
1350,avaliacaoapogeu,33,0.0
1351,camp,3,0.0
1352,berlaar,1,0.0
1353,benjamitacardona,13,0.0
1354,benjaminconstant,3,0.0
1355,batistavistaalegre,5,0.0
1356,batistashalon,4,0.0
1357,batistasaovicente,2,0.0
1358,batistasantosdumont,2,0.0
1359,batistariopretense,5,0.0
1360,batistaregular,2,0.0
1361,batistanovasiao,5,0.0
1362,batistamaranata,5,0.0
1363,batistaindependente,5,0.0
1364,batistaibicui,4,0.0
1365,batistadaprimeira,2,0.0
1366,batistaburitis,1,0.0
1367,batistaagnusdei,4,0.0
1368,barradevbarranull,1,0.0
1369,barraazul,3,0.0
1370,barquinhodepapeldf,2,0.0
1371,baraodemaua,4,0.0
1372,bancodequestoesgratuito,1,0.0
1373,bancodequestoes,7,0.0
1374,bahema,2,0.0
1375,babyhouse,3,0.0
1376,babycamp,1,0.0
1377,bernardosayao,12,0.0
1378,bertelsmann,19,0.0
1379,betesda,4,0.0
1380,bragaenglish,1,0.0
1381,camerinocursos,1,0.0
1382,cam,7,0.0
1383,calculo2,2,0.0
1384,cadern,1,0.0
1385,cacbab,1,0.0
1386,c7s,8,0.0
1387,buser,2,0.0
1388,bumerangeprofissoes,1,0.0
1389,buddys,2,0.0
1390,brasilsoft,1,0.0
1391,brasilcursinhos,17,0.0
1392,bozano,3,0.0
1393,betuel,1,0.0
1394,bosquemananciais,2,0.0
1395,borgesamorim,1,0.0
1396,borapassar,5,0.0
1397,bonfim,1,0.0
1398,bondienglish,1,0.0
1399,boaviagem,26,0.0
1400,blumenaucoc,1,0.0
1401,blueschooleducacional,3,0.0
1402,biologiaprofluis,1,0.0
1403,biologiabarauna,1,0.0
1404,bilac,1,0.0
1405,colegioexatus,2,0.0
1406,colegioeximius,2,0.0
1407,colegioexponencial,1,0.0
1408,edhumbertodecampos,3,0.0
1409,ecml,4,0.0
1410,ecatuparticipacoes,2,0.0
1411,ecaminhodosanjos,2,0.0
1412,eblighthouse,2,0.0
1413,ebei,4,0.0
1414,ebcd,3,0.0
1415,ebatistadeipiau,1,0.0
1416,earcadenoe,2,0.0
1417,eajam,1,0.0
1418,eag,3,0.0
1419,eadcmm,1,0.0
1420,eacs,3,0.0
1421,eacorcovado,4,0.0
1422,eabsf,1,0.0
1423,e24h,3,0.0
1424,duquecastilho,5,0.0
1425,duque,2,0.0
1426,dsjujy,1,0.0
1427,dpaschoal,1,0.0
1428,dorothea,2,0.0
1429,domus,16,0.0
1430,dominusprincipius,1,0.0
1431,dominiusprincipius,3,0.0
1432,dominius,21,0.0
1433,domhelder,11,0.0
1434,ecompo,3,0.0
1435,edificandogeracoes,4,0.0
1436,colegioexpressao,4,0.0
1437,editoracristaevangelica,2,0.0
1438,eeemba,2,0.0
1439,eeejds,1,0.0
1440,eeagm,1,0.0
1441,eeacg,3,0.0
1442,eduqualis,3,0.0
1443,eduqo,1,0.0
1444,educglauberrocha,1,0.0
1445,educativasaocarlos,1,0.0
1446,educarse,2,0.0
1447,educardpaschoal,1,0.0
1448,educaprime,2,0.0
1449,educandusilha,6,0.0
1450,educandarioterciocorreia,3,0.0
1451,educandarionospassosdejesus,2,0.0
1452,educandariogoncalvesdearaujo,3,0.0
1453,educandariodosaber,2,0.0
1454,educandario,3,0.0
1455,educamob,4,0.0
1456,educamais,63,0.0
1457,educallesser,1,0.0
1458,educacionalsemear,6,0.0
1459,educacional,7,0.0
1460,educacaoinfantilsemear,2,0.0
1461,edlauravicuna,1,0.0
1462,edivancalixto,2,0.0
1463,domboscopetrolina,2,0.0
1464,domboscoos,1,0.0
1465,domboscogru,1,0.0
1466,dombosco,5,0.0
1467,cursoenfase,22,0.0
1468,cursocn,2,0.0
1469,cursoclaudiomuniz,1,0.0
1470,cursobase,5,0.0
1471,cursoacre,3,0.0
1472,cursinhoines,1,0.0
1473,cursinhoeach,1,0.0
1474,culturainglesa,113,0.0
1475,ctem,7,0.0
1476,ctbmsa,1,0.0
1477,csvp,3,0.0
1478,cssg,3,0.0
1479,csmabh,2,0.0
1480,csjcanguaretamarn,1,0.0
1481,cscgo,2,0.0
1482,cscatarina,2,0.0
1483,csasp,1,0.0
1484,csaci,1,0.0
1485,csa,2,0.0
1486,cs,2,0.0
1487,cruzesousa,3,0.0
1488,cruzeiro,2,0.0
1489,crlicaoevida,1,0.0
1490,cristoreimarau,4,0.0
1491,cristaonovavida,2,0.0
1492,cursoequacao,3,0.0
1493,cursofap,1,0.0
1494,cursoisfera,4,0.0
1495,devry,4,0.0
1496,dom,1,0.0
1497,dokimos,5,0.0
1498,dlp,1,0.0
1499,djanirapereira,2,0.0
1500,djangogirls,1,0.0
1501,discere,2,0.0
1502,dionysia,3,0.0
1503,diocesanocaruaru,2,0.0
1504,dimensaopa,1,0.0
1505,dimensao,1,0.0
1506,dialeticacursos,7,0.0
1507,descomplica,1,0.0
1508,cursologhus,1,0.0
1509,deltaeducacional,5,0.0
1510,delta,1,0.0
1511,dcc,1,0.0
1512,dbosco,5,0.0
1513,darwinvilavelha,3,0.0
1514,darwin,10,0.0
1515,dantealighieri,4,0.0
1516,dante,5,0.0
1517,czcnet,2,0.0
1518,cursosazambuja,13,0.0
1519,cursoprogressao,58,0.0
1520,eeheitor,1,0.0
1521,eemanaus,2,0.0
1522,eemariahelenadasilva,1,0.0
1523,escolacenesitaml,1,0.0
1524,escolagovernadorluiz,1,0.0
1525,escolagenesisbrejo,2,0.0
1526,escolagenesis,2,0.0
1527,escolagappe,1,0.0
1528,escolaformacao,4,0.0
1529,escolafamiliaagricula,2,0.0
1530,escolaespacoeducacao,1,0.0
1531,escolaesfera,1,0.0
1532,escolaeducativa,1,0.0
1533,escolaeboasnovas,6,0.0
1534,escoladomingossavio,5,0.0
1535,escoladofuturo,2,0.0
1536,escoladinamicaiturama,1,0.0
1537,escoladeimpacto,3,0.0
1538,escoladauri,1,0.0
1539,escolacristorei,2,0.0
1540,escolacristasumare,5,0.0
1541,escolacristanavarzea,3,0.0
1542,escolacristal,2,0.0
1543,escolacristaempiedade,2,0.0
1544,escolacristaemaldeia,2,0.0
1545,escolacristacandeias,1,0.0
1546,escolacristaboaviagem,1,0.0
1547,escolacristaba,5,0.0
1548,escolacrescimento,1,0.0
1549,escolagpc,2,0.0
1550,escolagregorio,2,0.0
1551,escolahwallon,2,0.0
1552,escolamariabernarda,3,0.0
1553,escolapaulofreire,1,0.0
1554,escolaparticularmaxime,3,0.0
1555,escolaolavonunes,2,0.0
1556,escolanormal,2,0.0
1557,escolanie,1,0.0
1558,escolamonza,2,0.0
1559,escolamonteirolobato,2,0.0
1560,escolamodelada,1,0.0
1561,escolamobile,1,0.0
1562,escolamaster,5,0.0
1563,escolamaritel,2,0.0
1564,escolaleticiateixeira,1,0.0
1565,escolaidaam,2,0.0
1566,escolakodomo,2,0.0
1567,abdiasmartins,50,0.0
1568,escolajoseflorencio,1,0.0
1569,escolajoseamerico,1,0.0
1570,escolajoaocalvino,2,0.0
1571,escolajardimdasnacoes,2,0.0
1572,escolainternacionalgoiania,1,0.0
1573,escolainternacional,2,0.0
1574,escolainovacao,1,0.0
1575,escolainewton,2,0.0
1576,escolaimpacto,8,0.0
1577,escolaceuazul,3,0.0
1578,escolacemepe,5,0.0
1579,eepensareagir,3,0.0
1580,escolaceciliameireles,5,0.0
1581,englishclass,2,0.0
1582,engenhomoscou,11,0.0
1583,energiaativa,2,0.0
1584,enec,1,0.0
1585,emsaopedro,2,0.0
1586,emiliaferreiro,1,0.0
1587,emgovernadorleonelbrizola,2,0.0
1588,emefmaria,1,0.0
1589,emece,2,0.0
1590,embaixadores,15,0.0
1591,elvirabrandao,2,0.0
1592,eluneonline,2,0.0
1593,eloeducacional,1,0.0
1594,eliza,1,0.0
1595,eliteemilianoperneta,7,0.0
1596,elitecuritiba,23,0.0
1597,elev,3,0.0
1598,eletron,3,0.0
1599,eldapereira,48,0.0
1600,ejjg,2,0.0
1601,einsteinassis,16,0.0
1602,eicoracaodemaria,1,0.0
1603,eia,1,0.0
1604,egocg,2,0.0
1605,efaculdades,1,0.0
1606,englishclub,1,0.0
1607,enovoalvo,2,0.0
1608,ensinamais,2,0.0
1609,escolaalecrim,1,0.0
1610,escolacastroalves,1,0.0
1611,escolacastelokids,2,0.0
1612,escolacastanheiras,7,0.0
1613,escolabezerrademenezes,2,0.0
1614,escolabetuel,3,0.0
1615,escolabemmequer,3,0.0
1616,escolabedelandia,3,0.0
1617,escolabatistacriativa,1,0.0
1618,escolaarcasp,2,0.0
1619,escolaalpha,11,0.0
1620,escolaalencar,1,0.0
1621,escolaagnusdei,2,0.0
1622,ensinando,18,0.0
1623,escola,1,0.0
1624,eremamaurydemedeiros,1,0.0
1625,erasmobraga,3,0.0
1626,equiperecife,3,0.0
1627,equipepontenova,2,0.0
1628,equipea,2,0.0
1629,equalizar,1,0.0
1630,eokiko,2,0.0
1631,entendabncc,1,0.0
1632,ensinoteclondrina,1,0.0
1633,ensinarbrasil,1,0.0
1634,cristaodapenha,5,0.0
1635,cristaoantenorthomazi,5,0.0
1636,cristadecuritiba,2,0.0
1637,colegiomadrededeus,1,0.0
1638,colegionatureza,2,0.0
1639,colegiomundoideal,1,0.0
1640,colegiomotiva,2,0.0
1641,colegiomontessori,2,0.0
1642,colegiomontesclaros,4,0.0
1643,colegiomonjolo,4,0.0
1644,colegiomodulo,4,0.0
1645,colegiomodelo,4,0.0
1646,colegiomilitardompedroii,2,0.0
1647,colegiometropolitan,4,0.0
1648,colegiomeninojesus,2,0.0
1649,colegiomenezesesousa,2,0.0
1650,colegiomauriciosalles,2,0.0
1651,colegiomastersp,6,0.0
1652,colegiomasternatal,1,0.0
1653,colegiomaster,6,0.0
1654,colegiomartinus,2,0.0
1655,colegiomarthafalcao,2,0.0
1656,colegiomaristaparanaense,1,0.0
1657,colegiomarilia,6,0.0
1658,colegiomariahelena,2,0.0
1659,colegiomargirus,1,0.0
1660,colegiomarcondes,3,0.0
1661,colegiomarcioseno,3,0.0
1662,colegiomagnum,32,0.0
1663,colegionazareth,3,0.0
1664,colegionobre,2,0.0
1665,colegionossasenhoradelourdes,1,0.0
1666,colegioplus,3,0.0
1667,colegiopurissimo,11,0.0
1668,colegiopurificacao,2,0.0
1669,colegioprogresso,2,0.0
1670,colegioprimeiromundo,4,0.0
1671,colegioprevejau,1,0.0
1672,colegiopresbiterianosimonton,2,0.0
1673,colegiopresbiterianobras,2,0.0
1674,colegiopremiumgentil,3,0.0
1675,colegiopremium,6,0.0
1676,colegioportadosol,2,0.0
1677,colegiopontualrecife,2,0.0
1678,colegiopitagoraspe,7,0.0
1679,colegionotadez,1,0.0
1680,colegiopetropolis,1,0.0
1681,colegiopel,4,0.0
1682,colegiopassionista,6,0.0
1683,colegiopalmares,2,0.0
1684,colegiopadreeustaquio,2,0.0
1685,colegiootacilio,3,0.0
1686,colegioomega,2,0.0
1687,colegioodysseus,3,0.0
1688,colegioocteto,2,0.0
1689,colegioobjetivosorocaba,1,0.0
1690,colegionovopatio,6,0.0
1691,colegiomagno,2,0.0
1692,colegiolumiar,2,0.0
1693,colegioradar,1,0.0
1694,colegioluizacora,3,0.0
1695,colegioiguatemy,12,0.0
1696,colegioidealbrasilia,2,0.0
1697,colegioideal,1,0.0
1698,colegiohelyos,2,0.0
1699,colegiohelioalonso,3,0.0
1700,colegiohbc,2,0.0
1701,colegioguilhermedealmeida,14,0.0
1702,colegiogradual,2,0.0
1703,colegiograciosa,2,0.0
1704,colegiogracilianoramos,2,0.0
1705,colegiogibran,1,0.0
1706,colegiogetsemani,1,0.0
1707,colegiogarra,2,0.0
1708,colegiogamaliel,2,0.0
1709,colegiogalileu,7,0.0
1710,colegiofuturope,2,0.0
1711,colegiofuturomg,3,0.0
1712,colegiofuturageracao,4,0.0
1713,colegiofriburgo,1,0.0
1714,colegiofredericoozanam,1,0.0
1715,colegiofranciscanoreginapacis,2,0.0
1716,colegiofera,2,0.0
1717,colegiofenix,4,0.0
1718,colegiofato,1,0.0
1719,colegiofarroupilha,3,0.0
1720,colegioimperial,2,0.0
1721,colegioinaci,1,0.0
1722,colegioincomar,1,0.0
1723,colegiolasalleaguasclaras,2,0.0
1724,colegioloyola,2,0.0
1725,colegiolouveira,1,0.0
1726,colegiolobato,3,0.0
1727,colegiolimanogueira,2,0.0
1728,colegioliliental,2,0.0
1729,colegiolider,2,0.0
1730,colegioliceujardim,3,0.0
1731,colegioliceu,4,0.0
1732,colegiolemeitapeva,1,0.0
1733,colegiolegado,4,0.0
1734,colegiolebiste,3,0.0
1735,colegiolamarck,5,0.0
1736,colegiointegracaoonline,1,0.0
1737,colegiojosealencar,1,0.0
1738,colegiojoliveira,1,0.0
1739,colegiojoaopaulo,30,0.0
1740,colegiojk,3,0.0
1741,colegioitamarati,2,0.0
1742,colegioitalo,1,0.0
1743,colegioirmamariele,2,0.0
1744,colegioipe,5,0.0
1745,colegiointensivo,4,0.0
1746,colegiointegralsolar,3,0.0
1747,colegiointegral,52,0.0
1748,colegioquadrangular,2,0.0
1749,colegiorainhadobrasil,3,0.0
1750,criancaesperanca,48,0.0
1751,colegiouniverso,34,0.0
1752,comeniusuberaba,2,0.0
1753,comenius,1,0.0
1754,colveracruz,2,0.0
1755,colterceiromilenio,2,0.0
1756,colsorriso,2,0.0
1757,colshalom,2,0.0
1758,colsaojose,1,0.0
1759,colsantamaria,2,0.0
1760,colsantacatarinape,2,0.0
1761,colsantacatarina,1,0.0
1762,colsaberviver,1,0.0
1763,colprogressao,3,0.0
1764,colprimeiraclasse,2,0.0
1765,coloniadosaber,4,0.0
1766,colmariatereza,2,0.0
1767,colhemerlindacorreia,2,0.0
1768,colevolucao,2,0.0
1769,coleguium,1,0.0
1770,colegiozerohum,1,0.0
1771,colegiozenite,4,0.0
1772,colegiovivopiracicaba,3,0.0
1773,colegiovitoriaregia,1,0.0
1774,colegiovitoria,3,0.0
1775,colegioveiga,2,0.0
1776,colegiovalparaiso,3,0.0
1777,concordia,1,0.0
1778,conexao,2,0.0
1779,conexaosaber,6,0.0
1780,coopeccaetite,3,0.0
1781,crescercampinas,13,0.0
1782,crecei,3,0.0
1783,cpvc,2,0.0
1784,cpv,1,0.0
1785,cpresbsp,1,0.0
1786,cpchamberlain,2,0.0
1787,cpcentenario,6,0.0
1788,cparaiso,2,0.0
1789,cotemig,14,0.0
1790,coopermundi,6,0.0
1791,coopenriopreto,2,0.0
1792,cooeduc,2,0.0
1793,confessionalmonza,2,0.0
1794,cooedita,1,0.0
1795,conteudos6,1,0.0
1796,conteudos,1,0.0
1797,contemporaneo,4,0.0
1798,contec,4,0.0
1799,consepe,1,0.0
1800,conradochaves,48,0.0
1801,conosquinho,1,0.0
1802,conosco,1,0.0
1803,conib,2,0.0
1804,conhecereducacional,4,0.0
1805,colegioup,8,0.0
1806,colegiouniversitario,6,0.0
1807,colegioraiodesol,3,0.0
1808,colegiounirs,1,0.0
1809,colegiosaojose,2,0.0
1810,colegiosaocarlos,2,0.0
1811,colegiosantotomasdeaquino,1,0.0
1812,colegiosantoandre,3,0.0
1813,colegiosantateresinha,2,0.0
1814,colegiosantanapr,1,0.0
1815,colegiosantamonicalimoeiro,2,0.0
1816,colegiosantamariaminas,2,0.0
1817,colegiosantamaria,1,0.0
1818,colegiosantamarcelina,1,0.0
1819,colegiosantaesmeralda,1,0.0
1820,colegiosantadoroteia,4,0.0
1821,colegiosantaclara,2,0.0
1822,colegiosantacecilia,2,0.0
1823,colegiosantacatarina,2,0.0
1824,colegiosantaangela,1,0.0
1825,colegiosaloni,2,0.0
1826,colegiosalesianorn,3,0.0
1827,colegiosagradocoracaobvp,1,0.0
1828,colegiosagradafamilia,3,0.0
1829,colegiosaberviver,1,0.0
1830,colegiorodriguesdias,2,0.0
1831,colegioriobranco,1,0.0
1832,colegiorgf,4,0.0
1833,colegioreacao,2,0.0
1834,colegiosaojudas,2,0.0
1835,colegiosaolucas,1,0.0
1836,colegiosaoluis,2,0.0
1837,colegiosp,2,0.0
1838,colegiounidadejardim,11,0.0
1839,colegiouneouro,2,0.0
1840,colegiouirapuru,15,0.0
1841,colegiotravessia,3,0.0
1842,colegioteleyos,2,0.0
1843,colegiotelesmourabrasil,1,0.0
1844,colegiotelescastelao,3,0.0
1845,colegiosuzart,5,0.0
1846,colegiosussurana,4,0.0
1847,colegiosupremodaamazonia,2,0.0
1848,colegiosuperacao,2,0.0
1849,colegiosoma,2,0.0
1850,colegiosaomateus,1,0.0
1851,colegiosincrona,2,0.0
1852,colegiosiglan,7,0.0
1853,colegioshalomoficial,4,0.0
1854,colegioshalom,3,0.0
1855,colegioserecrescer,2,0.0
1856,colegioser,4,0.0
1857,colegiosepp,3,0.0
1858,colegiosenes,2,0.0
1859,colegioseal,1,0.0
1860,colegiosaosalvador,1,0.0
1861,colegiosaomiguel,2,0.0
1862,zoe,1,0.0
