,namespace,Semana,Tempo médio entre criação e publicação de AA por questão
,,,
0,acessoalmirantetamandare,23,0 days 01:27:49.527805670
1,acessoalmirantetamandare,24,0 days 03:27:58.363629605
2,acessoalmirantetamandare,25,0 days 03:58:23.802532423
3,acessoalmirantetamandare,26,0 days 01:22:22.490941524
4,acessoalmirantetamandare,27,0 days 04:42:16.377315031
5,acessoalmirantetamandare,30,0 days 00:03:21.136975080
6,acessoalmirantetamandare,31,0 days 06:29:31.696182892
7,acessoalmirantetamandare,32,0 days 02:20:09.388227697
8,acessoalmirantetamandare,33,0 days 00:47:03.730032529
9,acessoalmirantetamandare,34,0 days 01:07:50.253320794
10,acessoalmirantetamandare,35,0 days 00:36:30.318995562
11,acessoboqueirao,23,0 days 04:33:56.823730995
12,acessoboqueirao,24,0 days 03:12:21.964778585
13,acessoboqueirao,25,0 days 03:14:40.037023373
14,acessoboqueirao,26,0 days 02:53:53.259194989
15,acessoboqueirao,27,0 days 05:42:24.781547398
16,acessoboqueirao,28,0 days 00:00:24.181052200
17,acessoboqueirao,29,0 days 00:03:32.655546666
18,acessoboqueirao,30,0 days 00:21:10.564666603
19,acessoboqueirao,31,0 days 06:17:46.324419493
20,acessoboqueirao,32,0 days 02:35:13.838119564
21,acessoboqueirao,33,0 days 02:16:31.646211482
22,acessoboqueirao,34,0 days 03:55:29.853750863
23,acessoboqueirao,35,0 days 02:56:06.000410836
24,acessocampolargo,23,0 days 01:42:37.075129914
25,acessocampolargo,24,0 days 01:16:33.149207032
26,acessocampolargo,25,0 days 02:19:54.887583755
27,acessocampolargo,26,0 days 00:40:44.843255755
28,acessocampolargo,27,0 days 03:56:46.250545664
29,acessocampolargo,30,0 days 00:04:05.693050535
30,acessocampolargo,31,0 days 03:55:38.908319874
31,acessocampolargo,32,0 days 01:00:48.040066809
32,acessocampolargo,33,0 days 01:16:52.972267359
33,acessocampolargo,34,0 days 00:46:27.779545607
34,acessocampolargo,35,0 days 00:07:34.067946820
35,acessocampolargokids,23,0 days 02:36:51.684282
36,acessocampolargokids,24,0 days 06:09:55.949069142
37,acessocampolargokids,25,0 days 02:06:52.661470375
38,acessocampolargokids,26,0 days 02:06:17.992989347
39,acessocampolargokids,27,0 days 00:37:46.531465927
40,acessocampolargokids,31,0 days 02:09:56.244547551
41,acessocampolargokids,32,0 days 12:30:40.349314544
42,acessocampolargokids,33,0 days 09:35:41.435656220
43,acessocampolargokids,34,0 days 08:21:06.771977
44,acessofazendariogrande,23,0 days 01:11:16.182903811
45,acessofazendariogrande,24,0 days 03:56:57.404470121
46,acessofazendariogrande,25,0 days 04:27:41.017538033
47,acessofazendariogrande,26,0 days 05:51:09.164949662
48,acessofazendariogrande,27,0 days 03:10:34.044778041
49,acessofazendariogrande,30,0 days 00:32:46.364066530
50,acessofazendariogrande,31,0 days 14:28:38.384815434
51,acessofazendariogrande,32,0 days 08:51:51.024449259
52,acessofazendariogrande,33,0 days 08:05:31.572596385
53,acessofazendariogrande,34,0 days 05:57:18.434956483
54,acessofazendariogrande,35,0 days 01:05:34.065525335
55,acessohauer,23,0 days 02:26:27.270079661
56,acessohauer,24,0 days 01:51:44.512242007
57,acessohauer,25,0 days 03:13:35.808104632
58,acessohauer,26,0 days 01:53:18.972691020
59,acessohauer,27,0 days 02:30:19.194904727
60,acessohauer,29,0 days 02:22:05.874071300
61,acessohauer,31,0 days 06:42:13.535583791
62,acessohauer,32,0 days 02:09:50.760508325
63,acessohauer,33,0 days 03:08:49.571884651
64,acessohauer,34,0 days 02:54:17.628623500
65,acessopinhais,23,0 days 00:00:37.804713322
66,acessopinhais,24,0 days 07:00:07.291583235
67,acessopinhais,25,0 days 10:48:28.704844168
68,acessopinhais,26,0 days 09:01:49.989727731
69,acessopinhais,27,0 days 06:41:38.497810129
70,acessopinhais,30,0 days 00:30:07.462217683
71,acessopinhais,31,0 days 00:31:36.515466083
72,acessopinhais,32,0 days 01:46:21.194745753
73,acessopinhais,33,0 days 00:25:21.386526890
74,acessopinhais,34,0 days 02:57:49.270365803
75,acessopinhais,35,0 days 00:07:31.454951995
76,acessosantafelicidade,23,0 days 00:43:16.465505693
77,acessosantafelicidade,24,0 days 03:30:19.951922744
78,acessosantafelicidade,25,0 days 04:48:11.005766454
79,acessosantafelicidade,26,0 days 02:47:59.962908862
80,acessosantafelicidade,27,0 days 01:39:39.271850152
81,acessosantafelicidade,30,0 days 00:04:17.770337775
82,acessosantafelicidade,31,0 days 02:35:49.159140680
83,acessosantafelicidade,32,0 days 02:03:41.277529875
84,acessosantafelicidade,33,0 days 01:24:49.574578063
85,acessosantafelicidade,34,0 days 02:02:17.987229500
86,acessosantafelicidade,35,0 days 00:28:39.264391559
87,acessosjpinhais,23,0 days 00:32:00.478186965
88,acessosjpinhais,24,0 days 01:38:01.295137349
89,acessosjpinhais,25,0 days 04:40:18.173561333
90,acessosjpinhais,26,0 days 01:56:52.685675988
91,acessosjpinhais,27,0 days 02:37:37.450822728
92,acessosjpinhais,28,0 days 00:19:21.934574250
93,acessosjpinhais,29,0 days 00:00:11.457084066
94,acessosjpinhais,30,0 days 00:12:28.794798438
95,acessosjpinhais,31,0 days 04:19:38.115575981
96,acessosjpinhais,32,0 days 04:53:01.433043985
97,acessosjpinhais,33,0 days 00:33:56.045546188
98,acessosjpinhais,34,0 days 00:41:34.056892907
99,acessosjpinhais,35,0 days 01:24:11.032190428
100,adrianochan,23,0 days 00:00:31.273721116
101,adrianochan,24,0 days 00:01:05.542898211
102,adrianochan,25,0 days 00:01:28.359369
103,adrianochan,26,0 days 01:08:23.263343639
104,adrianochan,31,0 days 00:01:40.318286164
105,adrianochan,32,0 days 00:00:27.716117744
106,adrianochan,33,0 days 00:00:22.054050979
107,adrianochan,34,0 days 00:00:40.717906247
108,adrianochan,35,0 days 00:00:28.293625333
109,aescobjetivo,23,0 days 00:23:14.729743559
110,aescobjetivo,24,0 days 04:08:54.169148949
111,aescobjetivo,25,0 days 13:01:21.285080224
112,aescobjetivo,26,0 days 00:09:11.083223240
113,aescobjetivo,28,1 days 06:29:55.119098747
114,aescobjetivo,29,0 days 01:11:47.893641961
115,aescobjetivo,30,0 days 00:54:42.463032859
116,aescobjetivo,31,0 days 03:27:56.412930065
117,aescobjetivo,32,0 days 01:13:57.161433842
118,aescobjetivo,33,0 days 01:26:41.045359467
119,aescobjetivo,34,0 days 00:48:35.292859743
120,aescobjetivo,35,0 days 00:01:07.486058761
121,alfacembilingue,25,0 days 00:00:52.239046666
122,amadeus,23,0 days 00:20:28.481122804
123,amadeus,24,0 days 00:10:51.771100956
124,amadeus,29,0 days 00:00:35.932559901
125,amadeus,30,0 days 00:00:54.564802350
126,amadeus,31,0 days 00:01:22.707035617
127,amadeus,32,0 days 00:00:47.027092556
128,amadeus,33,0 days 00:02:07.679629229
129,amadeus,34,0 days 00:04:47.033098696
130,amadeus,35,0 days 00:03:02.818055547
131,amais,23,0 days 00:00:31.765523224
132,amais,24,0 days 00:02:03.550763421
133,amais,33,0 days 00:01:03.101629980
134,amais,34,0 days 00:00:40.128039237
135,amaisteste,28,0 days 00:01:08.925652200
136,amaisteste,33,0 days 00:00:19.464815400
137,amaisteste,35,0 days 00:00:35.637149516
138,anchietaba,30,0 days 00:00:03.459326500
139,apogeustoantonio2,23,0 days 05:32:10.173978550
140,apogeustoantonio2,24,0 days 03:09:56.011771317
141,apogeustoantonio2,25,0 days 01:27:20.628321352
142,apogeustoantonio2,26,0 days 01:17:17.330397888
143,apogeustoantonio2,28,0 days 03:02:33.870886600
144,apogeustoantonio2,29,0 days 01:02:45.592097270
145,apogeustoantonio2,31,0 days 01:02:31.582059350
146,apogeustoantonio2,32,0 days 01:09:52.613748298
147,apogeustoantonio2,34,0 days 02:51:08.861818400
148,aprovest,27,0 days 00:00:18.639025117
149,arlindocavalcanti,25,1 days 16:16:07.798336583
150,beityaacov,23,0 days 00:00:00.827025888
151,beityaacov,32,0 days 00:01:21.157584400
152,beityaacov,33,0 days 00:00:13.947055200
153,bertelsmann,28,0 days 00:00:59.668170500
154,bertelsmann,31,0 days 00:00:09.343244500
155,brasilcursinhos,25,0 days 00:02:51.703712088
156,brasilcursinhos,27,0 days 00:00:23.566245833
157,brasilcursinhos,28,0 days 00:57:19.948327307
158,brasilcursinhos,29,0 days 00:00:19.563144999
159,brasilcursinhos,30,0 days 05:17:42.455589
160,brasilcursinhos,34,0 days 00:00:03.739254500
161,brasilcursinhos,35,0 days 00:00:03.731069300
162,camerinocursos,29,0 days 00:03:31.711544100
163,casdinhosjc,23,0 days 00:04:55.691056060
164,casdinhosjc,24,0 days 00:00:22.982392563
165,casdinhosjc,25,0 days 00:00:35.958307344
166,casdinhosjc,27,0 days 00:00:35.244376725
167,casdinhosjc,31,0 days 00:00:18.866761050
168,casdinhosjc,33,0 days 00:01:27.679693294
169,casdvest,24,0 days 00:00:19.999278090
170,casdvest,25,0 days 00:00:30.988717625
171,casdvest,26,0 days 00:00:41.195139988
172,casdvest,27,0 days 00:00:23.997948957
173,casdvest,28,0 days 00:00:36.207943525
174,casdvest,29,0 days 00:00:30.496216437
175,casdvest,30,0 days 00:00:46.766601142
176,casdvest,31,0 days 00:00:19.413559222
177,casdvest,32,0 days 00:00:22.878305083
178,casdvest,33,0 days 00:00:24.152972181
179,castelobruxo,30,0 days 00:01:19.877886
180,cats,29,0 days 00:22:08.656018343
181,cats,30,0 days 00:03:09.914607478
182,cats,34,0 days 00:01:32.565428400
183,cbpdigital,23,0 days 02:23:14.716360921
184,cbpdigital,24,0 days 00:32:17.111428566
185,cbpdigital,25,0 days 00:05:39.538513602
186,cbpdigital,26,0 days 01:00:26.501801650
187,cbpdigital,31,0 days 07:40:29.652446700
188,cbpdigital,32,0 days 00:58:31.317851348
189,cbpdigital,33,0 days 18:31:20.928973025
190,cbpdigital,34,0 days 08:49:08.153440029
191,cbpdigital,35,0 days 00:00:04.734626983
192,ceabb,26,0 days 00:00:53.491349316
193,ceabb,27,0 days 00:01:08.057619037
194,ceabb,31,0 days 00:00:43.931106075
195,ceabb,35,0 days 00:03:32.688841403
196,cecbdf,33,0 days 00:09:00.098055333
197,cecbdf,34,0 days 00:00:06.146486121
198,ceespacolivre,23,0 days 15:55:17.453247848
199,ceespacolivre,24,0 days 00:48:46.316476677
200,ceespacolivre,25,0 days 00:42:22.794060465
201,ceespacolivre,26,0 days 00:27:09.922931532
202,ceespacolivre,27,0 days 00:42:01.209492054
203,ceespacolivre,28,0 days 00:04:37.341866567
204,ceespacolivre,32,0 days 02:14:28.888632838
205,ceespacolivre,33,0 days 00:11:17.313512522
206,ceespacolivre,34,0 days 00:04:41.052170944
207,ceespacolivre,35,0 days 00:00:49.843543500
208,cem,23,0 days 00:01:11.555460821
209,cem,24,0 days 00:03:29.293224780
210,cem,25,0 days 00:00:36.125023125
211,cem,31,0 days 01:44:21.794478521
212,cem,32,0 days 00:46:12.745049067
213,cem,33,0 days 00:19:38.535520819
214,cem,34,0 days 00:39:29.119774366
215,cem,35,0 days 00:04:31.385887742
216,ceprimeiromundo,23,0 days 01:31:57.273782633
217,ceprimeiromundo,24,1 days 04:00:35.183240602
218,ceprimeiromundo,25,0 days 21:23:52.957693671
219,ceprimeiromundo,26,0 days 00:03:48.023962404
220,ceprimeiromundo,27,0 days 00:07:33.136921118
221,ceprimeiromundo,28,0 days 00:07:34.282343931
222,ceprimeiromundo,29,3 days 00:55:49.779508694
223,ceprimeiromundo,30,1 days 07:16:57.590988006
224,ceprimeiromundo,31,0 days 04:18:00.118693892
225,ceprimeiromundo,32,0 days 00:45:19.335164158
226,ceprimeiromundo,33,0 days 00:31:23.708359386
227,ceprimeiromundo,34,0 days 00:12:40.357269509
228,ceprimeiromundo,35,0 days 00:31:20.732320516
229,charlesdarwin,24,0 days 00:01:12.426943
230,charlesdarwin,27,0 days 00:01:29.039521666
231,ciadosaber,23,0 days 00:03:18.598923009
232,ciadosaber,24,0 days 00:24:01.038777943
233,ciadosaber,25,0 days 00:26:21.667982200
234,ciadosaber,30,0 days 00:00:08.797130671
235,ciadosaber,31,0 days 00:00:28.277563033
236,ciadosaber,32,0 days 00:12:49.360497015
237,ciadosaber,33,0 days 00:00:33.845601042
238,ciadosaber,34,0 days 00:01:40.360419373
239,cmdpii,33,0 days 00:09:12.636139333
240,cmdpii,34,0 days 00:00:18.840504911
241,cnslpb,23,0 days 00:00:22.729496529
242,cnslpb,24,0 days 01:22:32.888048906
243,cnslpb,25,0 days 00:00:11.989470496
244,cnslpb,26,0 days 00:00:14.201640316
245,cnslpb,28,0 days 00:00:00.828654295
246,cnslpb,30,0 days 06:32:54.381908365
247,cnslpb,31,0 days 01:10:37.700164304
248,cnslpb,32,0 days 00:00:28.503209084
249,cnslpb,33,0 days 00:00:05.327008777
250,cnslpb,34,0 days 00:00:13.865353179
251,cnslpb,35,0 days 00:00:12.242105655
252,cognitivo,32,0 days 00:01:55.267756
253,colegioalphaunis,24,0 days 01:48:42.267228151
254,colegioalphaunis,25,0 days 00:25:35.562975490
255,colegioalphaunis,26,0 days 00:00:29.599245126
256,colegioalphaunis,27,0 days 00:24:51.189069707
257,colegioalphaunis,33,0 days 01:20:00.407400068
258,colegioalphaunis,34,0 days 00:00:55.028599617
259,colegioanchietai,33,0 days 00:09:41.336627666
260,colegioanchietai,34,0 days 00:00:16.704054579
261,colegioanchietaii,33,0 days 00:09:36.738324333
262,colegioanchietaii,34,0 days 00:00:13.845797017
263,colegioarena,23,0 days 10:32:06.040702785
264,colegioarena,24,0 days 11:20:17.956831310
265,colegioarena,25,0 days 17:50:10.970816265
266,colegioarena,31,0 days 00:30:56.785438060
267,colegioarena,32,0 days 01:04:07.733224810
268,colegioarena,33,0 days 01:57:23.498640830
269,colegioarena,34,0 days 00:25:20.171488762
270,colegioarena,35,0 days 00:28:17.608767350
271,colegiobatistaindependente,23,0 days 00:10:33.673040374
272,colegiobatistaindependente,24,0 days 00:00:16.509875486
273,colegiobatistaindependente,25,0 days 00:04:09.798784395
274,colegiobatistaindependente,26,0 days 00:14:36.951006106
275,colegiobatistaindependente,27,0 days 00:39:31.752061598
276,colegiobatistaindependente,28,0 days 00:01:06.948054531
277,colegiobatistaindependente,32,0 days 00:00:15.108820400
278,colegiobatistaindependente,33,0 days 00:02:10.752384322
279,colegiobatistaindependente,34,0 days 00:05:23.114666347
280,colegiobatistaindependente,35,0 days 00:00:50.365008693
281,colegiobetelbrasileirosp,23,0 days 01:45:09.627585469
282,colegiobetelbrasileirosp,24,0 days 00:53:06.668719154
283,colegiobetelbrasileirosp,25,0 days 00:01:11.562830973
284,colegiobetelbrasileirosp,31,0 days 00:02:26.189778283
285,colegiobetelbrasileirosp,32,0 days 00:03:04.122214377
286,colegiobetelbrasileirosp,33,0 days 00:02:46.175013913
287,colegiobetelbrasileirosp,34,0 days 00:01:51.717784495
288,colegiobetelbrasileirosp,35,0 days 00:03:25.458922666
289,colegiobianguloiv,33,0 days 00:09:32.050705666
290,colegiobianguloiv,34,0 days 00:00:12.988586267
291,colegiobilac,23,0 days 00:07:53.314328716
292,colegiobilac,24,0 days 00:05:24.050994725
293,colegiobilac,29,0 days 01:02:27.467050722
294,colegiobilac,30,0 days 00:20:16.698068866
295,colegiobilac,31,0 days 00:04:54.607195448
296,colegiobilac,32,0 days 00:01:05.692064941
297,colegiobilac,33,0 days 00:00:12.499561333
298,colegiobilac,34,0 days 00:02:42.308624876
299,colegiobilac,35,0 days 00:02:53.261388774
300,colegiobrasilia,23,0 days 00:03:32.232166577
301,colegiobrasilia,24,0 days 00:00:44.764125196
302,colegiobrasilia,25,0 days 00:02:43.701101610
303,colegiobrasilia,26,0 days 00:00:17.961270350
304,colegiobrasilia,27,0 days 00:00:05.789826800
305,colegiobrasilia,30,0 days 05:17:29.488990350
306,colegiobrasilia,31,0 days 00:01:05.722761779
307,colegiobrasilia,32,0 days 00:01:16.102954811
308,colegiobrasilia,33,0 days 00:01:09.314152798
309,colegiobrasilia,34,0 days 00:03:06.446333949
310,colegiobrasilia,35,0 days 00:01:49.907761055
311,colegiocb,23,0 days 00:01:44.853949458
312,colegiocb,24,0 days 00:06:48.987800224
313,colegiocb,25,0 days 00:00:18.992821816
314,colegiocb,26,0 days 00:26:03.987733821
315,colegiocb,27,0 days 00:00:29.573913600
316,colegiocb,30,0 days 00:00:54.058990200
317,colegiocb,31,0 days 00:06:44.457423295
318,colegiocb,32,0 days 00:00:08.582791521
319,colegiocb,33,0 days 02:06:59.100354936
320,colegiocb,34,0 days 00:01:23.869592812
321,colegiocb,35,0 days 00:06:05.072379486
322,colegiocognos,23,0 days 00:00:35.762504
323,colegiocognos,33,0 days 00:02:58.389585500
324,colegiodasamericas,23,0 days 00:00:08.404522500
325,colegiodasamericas,24,0 days 00:18:02.850040209
326,colegiodasamericas,25,0 days 00:00:35.852663375
327,colegiodasamericas,26,0 days 00:00:19.313510441
328,colegiodasamericas,27,0 days 00:00:28.159171841
329,colegiodasamericas,30,0 days 00:03:47.282260768
330,colegiodasamericas,31,0 days 00:00:43.624223400
331,colegiodasamericas,33,0 days 00:00:33.965322014
332,colegiodasamericas,34,0 days 00:00:23.273640600
333,colegiodasamericas,35,0 days 00:10:52.449466686
334,colegiodompedrosegundo,28,0 days 00:00:31.815813012
335,colegioeag,27,0 days 00:01:34.065357888
336,colegioeag,30,0 days 00:49:11.995918050
337,colegioeag,33,0 days 00:33:29.727324950
338,colegioeag,34,0 days 00:00:29.992341333
339,colegioecursodesafio,23,0 days 00:00:27.322240324
340,colegioecursodesafio,24,0 days 00:02:00.248200251
341,colegioecursodesafio,25,0 days 00:00:41.723009084
342,colegioecursoprogressao,23,0 days 00:00:47.495313841
343,colegioecursoprogressao,24,0 days 00:00:41.699168418
344,colegioecursoprogressao,25,0 days 00:00:37.092957263
345,colegioecursoprogressao,26,0 days 00:00:20.095212630
346,colegioecursoprogressao,27,0 days 00:00:27.819396665
347,colegioecursoprogressao,28,0 days 11:14:07.630804345
348,colegioecursoprogressao,30,0 days 00:00:38.573296788
349,colegioecursoprogressao,31,0 days 00:01:03.781858934
350,colegioecursoprogressao,32,0 days 00:00:29.842498309
351,colegioecursoprogressao,33,0 days 00:00:32.230145507
352,colegioecursoprogressao,34,0 days 00:00:38.326128257
353,colegioecursoprogressao,35,0 days 00:02:34.567454518
354,colegioeducallis,23,0 days 06:03:13.090768967
355,colegioeducallis,24,0 days 04:31:35.427319846
356,colegioeducallis,25,0 days 01:09:23.218004381
357,colegioeducallis,31,0 days 07:40:19.613169954
358,colegioeducallis,32,0 days 05:35:23.568866306
359,colegioeducallis,33,0 days 03:04:40.561533469
360,colegioeducallis,34,0 days 08:42:53.950220894
361,colegioeducallis,35,0 days 02:18:56.918309617
362,colegioensitec,23,0 days 00:02:05.202186019
363,colegioensitec,24,0 days 00:01:18.475404195
364,colegioensitec,25,0 days 00:01:04.302385792
365,colegioensitec,28,0 days 03:38:47.701646662
366,colegioensitec,29,0 days 00:24:24.779682300
367,colegioensitec,30,0 days 00:02:53.368159283
368,colegioensitec,31,0 days 11:05:21.207568900
369,colegioensitec,32,0 days 00:29:58.323381792
370,colegioensitec,33,0 days 00:02:53.887947340
371,colegioensitec,34,0 days 04:16:27.916187955
372,colegioensitec,35,0 days 00:06:58.817488600
373,colegioflamingo,23,0 days 00:05:46.332962727
374,colegioflamingo,24,0 days 00:01:21.814736398
375,colegioflamingo,25,0 days 00:00:36.478321488
376,colegioflamingo,26,0 days 00:00:20.899960427
377,colegioflamingo,32,0 days 00:00:39.211271820
378,colegioflamingo,33,0 days 00:00:44.686712634
379,colegioflamingo,34,0 days 00:01:12.828293291
380,colegioflamingo,35,0 days 00:00:19.242108854
381,colegiofuturageracao,23,0 days 02:37:58.934604618
382,colegiofuturageracao,24,0 days 00:08:13.369725823
383,colegiofuturageracao,25,0 days 00:00:31.800449546
384,colegiofuturageracao,26,0 days 00:00:11.115542100
385,colegiofuturageracao,31,0 days 00:09:26.890632092
386,colegiofuturageracao,32,0 days 00:00:50.370791566
387,colegiofuturageracao,33,0 days 00:56:51.157588679
388,colegiofuturageracao,34,0 days 00:21:50.047745546
389,colegiofuturageracao,35,0 days 00:01:18.297495565
390,colegioglobal,23,0 days 00:49:34.201019196
391,colegioglobal,24,0 days 01:04:48.752325185
392,colegioglobal,25,0 days 00:19:54.685402679
393,colegioglobal,26,0 days 00:00:49.923004302
394,colegioglobal,30,0 days 18:12:21.170267915
395,colegioglobal,32,0 days 03:13:46.171988296
396,colegioglobal,33,0 days 00:46:25.724807769
397,colegioglobal,34,0 days 00:48:02.943630148
398,colegioglobal,35,0 days 00:00:05.669684900
399,colegioguilhermedealmeida,31,0 days 00:00:17.729921316
400,colegioguilhermedealmeida,32,0 days 00:02:38.534894800
401,colegioguilhermedealmeida,33,0 days 00:03:16.000301765
402,colegioguilhermedealmeida,34,0 days 00:00:36.601477
403,colegioguilhermedealmeida,35,0 days 00:00:47.637260258
404,colegioiguatemy,23,0 days 00:00:49.045405477
405,colegioiguatemy,24,0 days 00:00:09.615121181
406,colegioiguatemy,25,0 days 01:34:36.640278520
407,colegioiguatemy,26,0 days 03:35:44.016039404
408,colegioiguatemy,27,0 days 00:00:16.817796166
409,colegioiguatemy,30,0 days 00:00:35.805031055
410,colegioiguatemy,31,0 days 02:14:54.933958670
411,colegioiguatemy,32,0 days 00:36:01.507152756
412,colegioiguatemy,33,0 days 01:06:16.193558300
413,colegioiguatemy,34,0 days 05:46:05.880041610
414,colegioiguatemy,35,0 days 00:00:32.109733430
415,colegiointegral,23,0 days 00:01:41.460385371
416,colegiointegral,24,0 days 00:01:26.524198962
417,colegiointegral,26,0 days 00:00:37.158503900
418,colegiointegral,27,0 days 00:02:01.730424166
419,colegiointegral,28,0 days 00:01:06.994501668
420,colegiointegral,29,0 days 00:45:28.853614270
421,colegiointegral,30,0 days 00:01:53.377934222
422,colegiointegral,31,0 days 00:06:54.062210735
423,colegiointegral,32,0 days 00:00:48.851921027
424,colegiointegral,33,0 days 00:01:28.341798280
425,colegiointegral,34,0 days 00:03:16.175327905
426,colegiointegral,35,0 days 00:00:52.610533505
427,colegiojoaopaulo,23,0 days 00:11:06.045684191
428,colegiojoaopaulo,24,0 days 00:41:49.093273081
429,colegiojoaopaulo,25,0 days 00:49:46.165211815
430,colegiojoaopaulo,26,0 days 00:00:26.708330978
431,colegiojoaopaulo,27,0 days 00:12:27.389505793
432,colegiojoaopaulo,28,0 days 00:01:28.097362379
433,colegiojoaopaulo,29,0 days 00:00:33.203028400
434,colegiojoaopaulo,30,0 days 00:00:49.291399550
435,colegiojoaopaulo,31,0 days 01:26:26.405356824
436,colegiojoaopaulo,32,0 days 00:38:59.110144929
437,colegiojoaopaulo,33,0 days 00:07:31.075997701
438,colegiojoaopaulo,34,0 days 00:01:37.411300889
439,colegiojoaopaulo,35,0 days 00:02:29.093976567
440,colegioliceu,33,0 days 00:19:19.381483952
441,colegiomagnum,23,0 days 00:07:09.812986016
442,colegiomagnum,33,0 days 00:00:34.083987556
443,colegiomagnum,34,0 days 00:00:41.152183872
444,colegiomartinus,23,0 days 00:00:16.847940
445,colegiomodelo,29,0 days 00:00:19.131045333
446,colegiomodelo,30,0 days 00:00:45.873137
447,colegiomodelo,35,0 days 00:00:05.706263
448,colegiomundial,28,0 days 01:36:49.210879051
449,colegiomundial,29,0 days 00:00:01.262824880
450,colegionobre,30,0 days 00:00:06.628859250
451,colegionobre,34,1 days 21:44:40.478433
452,colegionovageracao,35,0 days 00:00:12.136444295
453,colegionovopatio,23,0 days 01:52:37.656362866
454,colegionovopatio,25,0 days 00:00:13.011646657
455,colegioplanck,23,0 days 00:01:17.159543484
456,colegioplanck,24,0 days 09:20:07.210589945
457,colegioplanck,25,0 days 00:02:50.895558411
458,colegioplanck,28,0 days 20:05:56.503555445
459,colegioplanck,29,24 days 23:14:47.363616
460,colegioplanck,30,0 days 00:01:15.050503382
461,colegioplanck,31,0 days 00:01:19.030128205
462,colegioplanck,32,0 days 00:02:53.787413259
463,colegioplanck,33,0 days 00:01:11.562602458
464,colegioplanck,34,0 days 00:03:36.546607776
465,colegioplanck,35,0 days 00:00:31.029879931
466,colegiopremium,23,1 days 00:48:04.340807640
467,colegiopremium,24,0 days 11:58:23.800666620
468,colegiopremium,25,0 days 00:00:47.838574177
469,colegiopremium,26,0 days 00:07:35.598525356
470,colegiopremium,31,0 days 00:00:14.176420387
471,colegiopremium,33,0 days 00:16:55.138451347
472,colegioprogresso,28,0 days 00:00:46.818010500
473,colegioradar,33,0 days 00:00:31.244826666
474,colegioriobranco,27,0 days 00:00:57.105265
475,colegiosantamaria,33,0 days 00:01:58.317757500
476,colegiosantamaria,34,0 days 00:00:59.860346452
477,colegioser,26,0 days 00:01:20.442407200
478,colegioser,34,0 days 00:13:49.417064295
479,colegiosete,23,0 days 03:17:15.053462820
480,colegiosete,24,0 days 02:22:34.332515421
481,colegiosete,25,0 days 00:12:18.185782100
482,colegiosete,29,0 days 21:05:38.356596353
483,colegiosete,30,0 days 08:21:40.743378611
484,colegiosete,31,0 days 04:21:20.901196417
485,colegiosete,32,0 days 02:47:38.932902177
486,colegiosete,33,0 days 03:24:47.152901325
487,colegiosete,34,0 days 12:47:40.277119810
488,colegiosete,35,0 days 12:15:31.366648440
489,colegiouirapuru,23,0 days 00:09:24.557347097
490,colegiouirapuru,24,0 days 00:05:45.063965379
491,colegiouirapuru,25,0 days 01:02:55.378884666
492,colegiouirapuru,26,0 days 00:00:20.651981666
493,colegiouirapuru,29,4 days 22:09:03.999154500
494,colegiouirapuru,31,0 days 01:22:10.408950361
495,colegiouirapuru,32,0 days 00:00:46.874270574
496,colegiouirapuru,33,0 days 00:28:52.952778116
497,colegiouirapuru,34,0 days 00:01:24.098749942
498,colegiouirapuru,35,0 days 00:06:36.104981600
499,colegiouniverso,23,0 days 00:01:24.096797867
500,colegiouniverso,24,0 days 00:02:01.860224913
501,colegiouniverso,25,0 days 00:06:28.845401716
502,colegiouniverso,26,0 days 00:00:31.892520200
503,colegiouniverso,32,0 days 00:00:15.083784592
504,colegiouniverso,33,0 days 00:01:41.442273249
505,colegioup,23,0 days 07:03:15.452546502
506,colegioup,24,0 days 16:13:43.749409639
507,colegioup,25,0 days 01:23:22.141836054
508,colegioup,26,0 days 02:09:48.294361379
509,colegioup,27,0 days 16:03:03.165668491
510,colegioup,28,0 days 01:41:39.410959759
511,colegioup,31,12 days 19:27:02.252985666
512,colegioup,33,0 days 15:13:11.353885887
513,colegioup,35,0 days 07:36:50.481087188
514,conexaosaber,23,0 days 00:36:45.075427702
515,conexaosaber,24,0 days 00:03:57.709673712
516,conexaosaber,25,0 days 00:00:38.842632409
517,conexaosaber,26,0 days 00:00:36.222732200
518,conexaosaber,33,0 days 00:01:56.915515870
519,conexaosaber,34,0 days 00:01:00.437369170
520,conexaosaber,35,0 days 00:05:45.724588708
521,contemporaneo,31,0 days 00:30:05.908079320
522,contemporaneo,33,0 days 00:02:46.053349200
523,contemporaneocidadeverde,23,0 days 00:00:44.534189122
524,contemporaneocidadeverde,28,0 days 00:00:49.605020856
525,contemporaneocidadeverde,31,0 days 00:32:58.273109044
526,contemporaneocidadeverde,32,0 days 01:09:43.427534631
527,contemporaneocidadeverde,33,0 days 00:04:43.638581029
528,contemporaneocidadeverde,34,0 days 00:00:32.280660711
529,contemporaneolagoanova,23,0 days 00:00:45.807348744
530,contemporaneolagoanova,30,0 days 00:01:23.474435700
531,contemporaneolagoanova,31,0 days 00:08:44.864694187
532,contemporaneolagoanova,32,0 days 00:14:43.390602628
533,contemporaneolagoanova,33,0 days 00:00:50.171305085
534,contemporaneolagoanova,34,0 days 00:00:19.234265741
535,cparaiso,32,0 days 00:00:06.273630500
536,cparaiso,34,0 days 00:01:04.895865
537,crb,23,0 days 02:44:12.742934914
538,crb,24,0 days 00:03:52.569273985
539,crb,25,0 days 01:11:28.880181827
540,crb,26,0 days 00:48:20.902766288
541,crb,29,2 days 11:21:39.278640111
542,crb,31,0 days 00:00:33.173551679
543,crb,32,0 days 00:28:27.326870523
544,crb,33,0 days 01:22:53.338478946
545,crb,34,0 days 02:44:22.636291006
546,crb,35,0 days 00:56:08.575934140
547,crescercampinas,23,0 days 00:43:40.438178441
548,crescercampinas,24,0 days 01:23:32.304109787
549,crescercampinas,25,0 days 04:30:32.355574996
550,crescercampinas,26,0 days 00:00:19.357539200
551,crescercampinas,30,1 days 08:18:26.607418150
552,crescercampinas,31,0 days 00:59:00.196489816
553,crescercampinas,32,0 days 00:47:09.581006088
554,crescercampinas,33,0 days 00:11:33.580613363
555,crescercampinas,34,0 days 00:04:02.754271303
556,crescercampinas,35,0 days 00:00:26.610908648
557,cursinhoeach,25,0 days 00:05:27.037504360
558,cursobase,24,0 days 00:28:33.700167540
559,cursobase,25,0 days 00:00:02.801419
560,cursobase,34,0 days 02:43:30.925704360
561,cursoenfase,23,0 days 00:00:47.268766711
562,cursoenfase,24,0 days 00:01:41.545380571
563,cursoenfase,25,0 days 00:01:10.285191311
564,cursoenfase,33,0 days 00:04:38.895652116
565,cursoenfase,34,0 days 00:00:35.069523511
566,cursoisfera,23,0 days 00:01:07.310570536
567,cursoisfera,24,0 days 00:01:00.419216027
568,cursoisfera,25,0 days 00:01:46.965342401
569,cursoisfera,26,0 days 00:00:42.339582725
570,cursoisfera,27,0 days 00:01:39.934071326
571,cursoisfera,28,0 days 00:01:38.450618383
572,cursoisfera,29,0 days 00:01:07.282505
573,cursoisfera,30,0 days 00:00:39.883382133
574,cursoisfera,31,0 days 00:04:04.386221587
575,cursoisfera,32,0 days 00:01:10.220624122
576,cursoisfera,33,0 days 00:01:11.824255647
577,cursoisfera,34,0 days 00:01:05.151207233
578,cursoleopoldo,32,0 days 00:00:47.141155377
579,cursoleopoldo,34,0 days 00:00:10.736599511
580,cursoprogressao,32,0 days 00:00:09.129074700
581,cursosazambuja,23,0 days 00:00:19.206907562
582,cursosazambuja,24,0 days 00:00:12.767736634
583,cursosazambuja,25,0 days 00:32:09.157249341
584,cursosazambuja,26,0 days 00:02:23.104539921
585,cursosazambuja,27,0 days 05:44:26.979706729
586,cursosazambuja,28,0 days 00:01:09.808895640
587,cursosazambuja,29,0 days 00:14:00.907542080
588,cursosazambuja,30,0 days 01:02:16.981141857
589,cursosazambuja,31,0 days 02:15:19.188001977
590,cursosazambuja,33,0 days 00:10:16.840027609
591,cursosazambuja,34,0 days 01:01:18.275466465
592,cursosazambuja,35,0 days 00:00:11.227817843
593,dante,33,0 days 00:00:26.786021250
594,deltaeducacional,23,0 days 00:00:23.662949438
595,deltaeducacional,24,0 days 00:08:46.365572534
596,deltaeducacional,25,0 days 00:00:54.875814782
597,deltaeducacional,26,0 days 00:00:16.193930667
598,deltaeducacional,32,0 days 02:41:42.177507979
599,deltaeducacional,33,1 days 23:08:31.337253125
600,deltaeducacional,34,0 days 09:05:58.147501989
601,deltaeducacional,35,0 days 02:22:44.087603450
602,dommga,25,0 days 01:04:14.236295508
603,domus,23,0 days 00:00:48.136925577
604,domus,33,0 days 00:00:15.923592302
605,domus,34,0 days 00:00:35.597148900
606,eacorcovado,23,0 days 00:36:27.924206311
607,eacorcovado,24,0 days 03:00:59.406113368
608,eacorcovado,25,0 days 00:02:34.693873050
609,eacorcovado,31,0 days 02:01:58.306115041
610,eacorcovado,32,0 days 00:00:55.856011642
611,eacorcovado,33,0 days 00:03:18.353284
612,eacorcovado,35,0 days 12:07:46.391404
613,eccos,24,0 days 00:01:30.868049813
614,eccos,25,0 days 01:55:55.408676923
615,eccos,26,0 days 00:00:31.652059384
616,eccos,31,0 days 00:00:52.431928954
617,eccos,32,0 days 00:36:39.388838397
618,eccos,33,0 days 00:05:53.385404841
619,eccos,34,0 days 00:20:33.964746882
620,eccos,35,0 days 02:07:42.641745383
621,educamais,24,0 days 00:01:38.174309333
622,educamais,33,0 days 00:00:59.758836600
623,educandarioterciocorreia,23,0 days 00:00:25.247157777
624,educandarioterciocorreia,24,0 days 00:01:56.065265932
625,educandarioterciocorreia,25,0 days 00:04:08.686393063
626,educandarioterciocorreia,26,0 days 00:02:45.914247196
627,educandarioterciocorreia,31,0 days 00:00:57.030998944
628,educandarioterciocorreia,32,0 days 00:00:09.105990366
629,educandarioterciocorreia,33,0 days 00:50:27.111267454
630,educandarioterciocorreia,34,0 days 00:00:56.177680689
631,educandarioterciocorreia,35,0 days 00:03:13.858300
632,educarse,32,0 days 04:35:57.887270126
633,educarse,33,0 days 00:00:05.501778366
634,eduqo,32,0 days 00:00:40.465015750
635,einsteinassis,23,0 days 00:00:46.880137643
636,einsteinassis,24,0 days 00:01:06.363471988
637,einsteinassis,25,0 days 00:00:38.041777547
638,einsteinassis,32,0 days 00:00:12.895389625
639,einsteinassis,35,0 days 00:00:55.452893
640,elitecuritiba,23,0 days 00:01:12.178483222
641,elitecuritibaemilianoperneta,23,0 days 01:29:12.462456403
642,elitecuritibaemilianoperneta,24,0 days 00:05:00.372857166
643,elitecuritibaemilianoperneta,25,0 days 00:36:09.181281175
644,elitecuritibaemilianoperneta,26,0 days 02:06:32.605942119
645,elitecuritibaemilianoperneta,27,0 days 00:04:11.431091569
646,elitecuritibaemilianoperneta,29,0 days 00:00:46.200282977
647,elitecuritibaemilianoperneta,30,0 days 04:15:55.853450109
648,elitecuritibaemilianoperneta,31,0 days 02:47:22.923298958
649,elitecuritibaemilianoperneta,32,0 days 00:31:10.228687251
650,elitecuritibaemilianoperneta,33,0 days 00:01:08.551734770
651,elitecuritibaemilianoperneta,34,0 days 05:42:47.537263846
652,eluneonline,26,0 days 00:00:08.745676266
653,eluneonline,27,0 days 00:00:08.000246833
654,equipe,34,0 days 00:00:04.566755500
655,escola,34,0 days 17:40:59.224543
656,escolaceciliameireles,23,0 days 00:00:33.638313645
657,escolaceciliameireles,24,0 days 00:00:24.413790416
658,escolaceciliameireles,26,0 days 00:00:38.630920146
659,escolaceciliameireles,27,0 days 00:00:46.932674875
660,escolaceciliameireles,28,0 days 00:03:12.069863
661,escolaceciliameireles,30,0 days 00:00:09.172241466
662,escolaceciliameireles,31,0 days 00:00:31.807310366
663,escolaceciliameireles,32,0 days 00:00:36.023042956
664,escolaceciliameireles,33,0 days 00:00:34.994946180
665,escolaceciliameireles,35,0 days 00:00:49.955888909
666,escoladeimpacto,28,0 days 00:00:29.827507895
667,escolajardimdasnacoes,24,0 days 00:01:22.834591
668,escolamaster,23,0 days 00:00:33.294250077
669,escolamaster,24,0 days 00:00:18.397196
670,escolamaster,25,0 days 00:01:18.021726285
671,escolamaster,26,0 days 00:00:15.710389066
672,escolamaster,31,0 days 00:00:09.126249833
673,escolamaster,33,0 days 00:01:58.625428925
674,esperanza,34,0 days 00:00:25.716117600
675,estantemagica,27,0 days 00:00:01.525147428
676,faculdadeflamingo,30,0 days 02:42:22.099648750
677,faculdadeflamingo,31,0 days 00:03:56.994936725
678,faculdadeflamingo,32,0 days 08:21:09.535823225
679,faculdadeflamingo,33,0 days 07:06:20.293639033
680,faculdadeflamingo,34,0 days 00:10:49.411734364
681,faculdadeflamingo,35,0 days 00:00:58.520768966
682,fleming,31,0 days 00:00:48.507705020
683,fleming,33,0 days 00:00:01.524803020
684,francobrasileiro,28,1 days 15:54:50.655021799
685,francobrasileiro,30,0 days 00:00:08.470005744
686,fundacaobradesco,29,2 days 02:03:45.947558
687,galois,28,0 days 00:01:21.922843200
688,garra,23,0 days 00:07:24.135107
689,garra,24,0 days 00:00:24.059852283
690,garra,30,0 days 00:00:15.647780963
691,garra,31,0 days 00:00:06.346548455
692,gerabixo,24,0 days 00:00:01.541651454
693,gerabixo,33,0 days 00:01:01.579660600
694,idaam,23,0 days 00:06:41.166960210
695,idaam,33,0 days 00:00:10.526329651
696,idaam,34,0 days 00:00:19.623568122
697,implantacao,26,0 days 00:01:48.813565290
698,insa,34,0 days 00:00:06.542062424
699,institutoauxiliadoradf,34,0 days 00:14:30.674502674
700,institutocristao,23,0 days 10:44:16.846768551
701,institutocristao,24,0 days 00:10:15.211925037
702,institutocristao,25,0 days 00:01:01.077536479
703,institutocristao,26,0 days 05:15:44.284360720
704,institutocristao,32,0 days 00:00:10.320147333
705,institutocristao,34,0 days 00:01:34.021473500
706,institutoeurofarma,32,0 days 01:20:43.185438774
707,institutosaojose,33,0 days 00:14:11.707085581
708,institutosaojose,34,0 days 00:00:05.793074780
709,integra,23,0 days 01:42:01.991903233
710,integra,24,0 days 03:12:19.910080530
711,integra,25,0 days 00:01:29.217494180
712,integra,34,0 days 04:48:30.570398895
713,integradaeducativa,23,0 days 00:14:08.248400576
714,integradaeducativa,24,0 days 12:13:15.637931206
715,integradaeducativa,25,0 days 00:02:47.435047160
716,integradaeducativa,26,0 days 00:09:45.567591570
717,integradaeducativa,27,0 days 00:00:31.357856900
718,integradaeducativa,29,0 days 00:00:28.323780610
719,integradaeducativa,30,1 days 08:31:40.158414744
720,integradaeducativa,31,0 days 00:06:07.128278186
721,integradaeducativa,32,1 days 08:20:00.064694010
722,integradaeducativa,33,0 days 18:49:59.363362689
723,integradaeducativa,34,0 days 16:56:12.065940895
724,integradaeducativa,35,0 days 00:00:33.290414800
725,invictus,23,0 days 00:00:12.765613342
726,invictus,24,0 days 00:00:09.225335038
727,invictus,25,0 days 00:00:06.986041223
728,invictus,26,0 days 00:00:04.469264301
729,invictus,27,0 days 00:00:05.788194362
730,invictus,28,0 days 00:01:10.580696071
731,invictus,32,0 days 00:00:08.042115715
732,invictus,33,0 days 00:00:25.817183671
733,invictus,34,0 days 00:00:24.413634163
734,invictus,35,0 days 00:01:04.325008087
735,iracemarufino,31,0 days 00:10:08.835354
736,isem,23,0 days 00:01:35.282116985
737,isem,24,0 days 00:04:39.703813786
738,isem,25,0 days 00:22:50.341067202
739,isem,26,0 days 00:18:38.331242225
740,isem,27,0 days 00:23:48.075914882
741,isem,28,0 days 00:01:32.289703850
742,isem,30,0 days 00:17:28.282814421
743,isem,31,0 days 00:00:45.900067894
744,isem,32,0 days 00:01:40.585539069
745,itamarati,25,0 days 00:00:22.014224062
746,itamarati,34,0 days 00:00:37.070237888
747,jardimsaopaulo,23,0 days 07:14:16.990123862
748,jardimsaopaulo,24,0 days 00:00:05.003405022
749,jazzvestibular,35,0 days 00:13:28.661483633
750,joaobelem,25,0 days 00:00:13.668831282
751,lasalleaguasclaras,34,0 days 00:11:05.117583357
752,liessinbarra,25,0 days 00:01:13.021736100
753,litteratus,33,0 days 00:02:19.662198200
754,macvest,23,0 days 00:00:58.119274538
755,macvest,26,0 days 00:02:30.679703550
756,macvest,27,0 days 00:00:33.555432600
757,macvest,32,0 days 00:01:51.841466280
758,macvest,33,0 days 00:00:26.646248855
759,magister,24,0 days 00:00:05.790658237
760,magister,25,0 days 00:00:06.179891263
761,magister,29,0 days 00:01:41.656967309
762,magister,30,0 days 03:36:03.668565396
763,magister,32,0 days 00:12:51.300913019
764,magister,33,0 days 00:08:19.333152865
765,maplebearslz,23,1 days 03:03:41.332893599
766,maplebearslz,24,1 days 04:58:28.100580211
767,maplebearslz,25,1 days 21:07:48.220244230
768,maplebearslz,26,2 days 17:24:54.797532050
769,maplebearslz,30,0 days 22:07:07.041295411
770,maplebearslz,31,0 days 21:19:38.707573182
771,maplebearslz,32,0 days 13:09:27.386264228
772,maplebearslz,33,0 days 10:54:22.925083578
773,maplebearslz,34,0 days 03:19:08.983694830
774,maplebearslz,35,0 days 00:18:01.399040816
775,mariliamattoso,23,0 days 00:03:20.373900836
776,mariliamattoso,24,0 days 00:01:45.867941595
777,mariliamattoso,25,0 days 00:01:03.830940950
778,mariliamattoso,26,0 days 00:01:36.466037834
779,mariliamattoso,27,0 days 00:00:38.778396994
780,mariliamattoso,28,0 days 00:01:46.876894915
781,mariliamattoso,29,0 days 02:44:16.539145699
782,mariliamattoso,30,0 days 00:19:53.367652649
783,mariliamattoso,31,0 days 00:00:58.675974792
784,mariliamattoso,32,0 days 00:05:37.559175830
785,mariliamattoso,33,0 days 00:32:15.739572905
786,mariliamattoso,34,0 days 00:00:57.827811790
787,mariliamattoso,35,0 days 00:01:08.089235878
788,master,23,0 days 06:31:52.676676116
789,master,24,0 days 07:33:20.732652818
790,master,25,0 days 02:53:25.119394627
791,master,26,0 days 17:53:59.429987282
792,master,27,1 days 12:59:53.884582071
793,master,28,0 days 19:08:15.416171996
794,master,29,1 days 20:01:08.768315088
795,master,31,0 days 18:19:00.927486181
796,master,32,0 days 15:26:34.930175825
797,master,33,0 days 06:02:04.809325925
798,master,34,0 days 00:30:09.350001548
799,master,35,0 days 00:12:57.282223747
800,meta,30,0 days 00:03:32.204421
801,minhalista,24,0 days 00:00:01.567169807
802,minhalista,25,0 days 00:01:29.790701546
803,minhalista,32,0 days 00:00:01.249353987
804,moaciralves,33,1 days 11:15:31.152987875
805,moaciralves,34,0 days 00:06:23.694506
806,montessori,23,0 days 00:13:28.049043100
807,montessori,33,0 days 00:00:22.310727291
808,montessori,34,0 days 00:00:40.567644611
809,murilorocha,31,0 days 00:02:50.863391
810,murilorocha,32,0 days 00:00:47.151277846
811,murilorocha,35,0 days 00:01:29.476289666
812,navegasas,27,0 days 00:00:13.834520333
813,novotempo,23,0 days 00:13:29.145111
814,novotempo,24,0 days 00:01:03.258197500
815,novotempo,33,0 days 00:00:24.566157114
816,novotempo,34,0 days 00:00:41.461850922
817,nucleocriativo,23,0 days 00:09:06.564063470
818,nucleocriativo,24,0 days 00:37:03.875231587
819,nucleocriativo,25,0 days 00:03:42.267202475
820,nucleocriativo,32,1 days 02:32:27.941025
821,nucleocriativo,34,0 days 00:24:55.309144569
822,nucleocriativo,35,0 days 00:00:59.225810677
823,nucleopva,28,0 days 00:00:03.405857866
824,objetivolorena,23,0 days 00:20:20.497762288
825,objetivolorena,24,0 days 01:35:25.367582700
826,objetivolorena,25,0 days 11:32:25.789933067
827,objetivolorena,26,0 days 00:01:35.037922898
828,objetivolorena,31,0 days 06:49:55.389797100
829,objetivolorena,32,0 days 00:32:20.343198921
830,objetivolorena,33,0 days 00:22:46.503865599
831,objetivolorena,34,0 days 00:33:37.435007394
832,objetivolorena,35,0 days 00:23:02.926092350
833,objetivoteresina,24,0 days 00:00:14.601087500
834,objetivoteresina,28,0 days 00:01:42.413847666
835,oficinadoestudante,23,0 days 00:10:16.562443158
836,oficinadoestudante,24,0 days 00:08:51.423688670
837,oficinadoestudante,25,0 days 00:00:04.412978420
838,oficinadoestudante,26,0 days 00:00:05.379338500
839,osequim,34,0 days 01:11:52.090209800
840,overabelcabral,23,0 days 00:01:46.406637656
841,overabelcabral,24,0 days 00:02:07.604506497
842,overabelcabral,25,0 days 00:08:28.851123801
843,overabelcabral,26,0 days 00:09:04.114711432
844,overabelcabral,27,0 days 00:00:19.565722304
845,overabelcabral,28,0 days 00:00:13.674494500
846,overabelcabral,29,0 days 00:00:16.310052565
847,overabelcabral,30,0 days 00:00:27.531633850
848,overabelcabral,31,0 days 00:00:38.320454976
849,overabelcabral,32,0 days 00:14:25.808029818
850,overabelcabral,33,0 days 00:00:23.285457352
851,overabelcabral,34,0 days 00:03:30.958485213
852,overabelcabral,35,0 days 00:09:57.246658179
853,overjoaopessoa,23,0 days 00:02:53.682057538
854,overjoaopessoa,24,0 days 00:01:44.885968709
855,overjoaopessoa,25,0 days 00:00:32.868380554
856,overjoaopessoa,26,0 days 00:00:48.864934718
857,overjoaopessoa,32,0 days 00:00:44.501510433
858,overjoaopessoa,33,0 days 00:03:33.691044170
859,overjoaopessoa,34,0 days 00:01:14.989055155
860,overjoaopessoa,35,0 days 00:01:46.120601484
861,overlimaesilva,23,0 days 00:00:45.795205666
862,overlimaesilva,24,0 days 00:00:44.251681257
863,overlimaesilva,25,0 days 00:00:55.644747580
864,overlimaesilva,26,0 days 00:00:33.797576091
865,overlimaesilva,31,0 days 00:03:08.998932550
866,overlimaesilva,32,0 days 00:04:09.941480450
867,overlimaesilva,33,0 days 00:00:32.273473700
868,overlimaesilva,34,0 days 00:01:49.234597595
869,overlimaesilva,35,0 days 00:00:42.235904403
870,overmarciliofurtado,23,0 days 00:02:07.335726863
871,overmarciliofurtado,24,0 days 00:00:22.670631667
872,overmarciliofurtado,25,0 days 00:00:22.417871568
873,overmarciliofurtado,26,0 days 00:02:21.905577190
874,overmarciliofurtado,27,0 days 00:00:17.570830517
875,overmarciliofurtado,28,0 days 00:00:12.786331392
876,overmarciliofurtado,29,0 days 00:00:10.998937075
877,overmarciliofurtado,30,0 days 00:00:34.269238533
878,overmarciliofurtado,31,0 days 00:00:20.969063
879,overmarciliofurtado,32,0 days 00:00:23.336183811
880,overmarciliofurtado,33,0 days 00:00:26.856681538
881,overmarciliofurtado,34,0 days 00:00:22.679692512
882,overmarciliofurtado,35,0 days 00:01:25.626441143
883,overmossoro,23,0 days 00:02:21.084183754
884,overmossoro,24,0 days 00:07:32.192510938
885,overmossoro,25,0 days 00:00:48.333813718
886,overmossoro,26,0 days 00:01:02.817599517
887,overmossoro,30,0 days 00:01:45.212510300
888,overmossoro,31,0 days 00:06:16.211053666
889,overmossoro,32,0 days 00:00:33.860804530
890,overmossoro,33,0 days 00:01:22.608939005
891,overmossoro,34,0 days 00:04:38.690801534
892,overmossoro,35,0 days 00:28:04.525205780
893,overnascimentodecastro,23,0 days 00:13:56.708707722
894,overnascimentodecastro,25,0 days 00:00:02.099107526
895,overnascimentodecastro,27,0 days 00:00:10.505358922
896,overnascimentodecastro,33,0 days 00:00:33.368623489
897,overnascimentodecastro,34,0 days 00:00:52.988820911
898,overpontanegra,23,0 days 00:14:18.798051550
899,overpontanegra,24,0 days 00:00:40.321758654
900,overpontanegra,25,0 days 00:00:35.463399304
901,overpontanegra,26,0 days 00:01:27.803768796
902,overpontanegra,28,0 days 00:00:10.809900333
903,overpontanegra,29,0 days 00:00:21.231771020
904,overpontanegra,31,0 days 00:00:40.927153910
905,overpontanegra,32,0 days 00:00:55.113627812
906,overpontanegra,33,0 days 00:00:46.316098956
907,overpontanegra,34,0 days 00:03:03.855564257
908,overpontanegra,35,0 days 00:02:20.360936096
909,overzonanorte,23,0 days 00:01:50.864871180
910,overzonanorte,24,0 days 00:01:32.012200309
911,overzonanorte,25,0 days 00:04:56.010131573
912,overzonanorte,26,0 days 00:00:26.553455423
913,overzonanorte,27,0 days 00:00:27.471407853
914,overzonanorte,30,0 days 00:00:12.237960
915,overzonanorte,31,0 days 00:00:24.300327028
916,overzonanorte,32,0 days 00:00:46.059330400
917,overzonanorte,33,0 days 00:00:27.628321580
918,overzonanorte,34,0 days 00:00:34.932751629
919,overzonanorte,35,0 days 00:10:45.516032604
920,pauloviana,31,0 days 00:00:10.206103
921,pearson,31,0 days 00:00:47.319482500
922,pesenglish,34,0 days 00:01:48.045821
923,physicsalcindocacela,23,0 days 00:03:14.389890436
924,physicsalcindocacela,24,0 days 00:01:25.283777527
925,physicsalcindocacela,25,0 days 00:00:27.614630333
926,physicsalcindocacela,27,0 days 00:00:08.837100
927,physicsalcindocacela,33,0 days 00:00:24.288506412
928,physicsalcindocacela,34,0 days 00:12:13.872977436
929,physicsalmirantebarroso,23,0 days 00:02:08.538392646
930,physicsalmirantebarroso,24,0 days 00:02:07.872297595
931,physicsalmirantebarroso,25,0 days 00:04:09.777910966
932,physicsalmirantebarroso,26,0 days 00:00:37.555741400
933,physicsalmirantebarroso,33,0 days 00:00:24.878646495
934,physicsalmirantebarroso,34,0 days 00:01:05.719426200
935,physicsaugustomontenegro,23,0 days 00:01:30.319146031
936,physicsaugustomontenegro,24,0 days 00:27:25.051700377
937,physicsaugustomontenegro,25,0 days 00:00:51.015218272
938,physicsaugustomontenegro,26,0 days 00:00:14.326438565
939,physicsaugustomontenegro,33,0 days 00:00:12.912717288
940,physicsaugustomontenegro,34,0 days 00:01:01.664379411
941,physicsbatistacampos,23,0 days 00:01:19.211133436
942,physicsbatistacampos,24,0 days 00:01:12.950852092
943,physicsbatistacampos,25,0 days 00:01:32.115252528
944,physicsbatistacampos,26,0 days 00:01:04.011497620
945,physicsbatistacampos,32,0 days 00:00:33.840553200
946,physicsbatistacampos,33,0 days 00:00:10.498297502
947,physicscidadenova,23,0 days 00:01:17.025075990
948,physicscidadenova,24,0 days 00:00:50.177027416
949,physicscidadenova,25,0 days 00:00:58.861152823
950,physicscidadenova,26,0 days 00:00:22.375531616
951,physicscidadenova,33,0 days 00:00:04.310451080
952,physicscidadenova,34,0 days 00:00:02.523777055
953,physicsconselheirofurtado,23,0 days 00:05:27.242186146
954,physicsconselheirofurtado,25,0 days 00:00:27.862465613
955,physicsconselheirofurtado,26,0 days 00:00:42.223631900
956,physicsconselheirofurtado,31,0 days 13:32:53.499922866
957,physicsconselheirofurtado,32,0 days 01:33:37.928861057
958,physicsconselheirofurtado,33,0 days 00:00:42.017509760
959,physicsconselheirofurtado,34,0 days 00:01:07.695384688
960,physicsmacapa,23,0 days 00:01:42.347239405
961,physicsmacapa,25,0 days 00:01:10.156567713
962,physicsmacapa,33,0 days 00:00:19.498902224
963,physicsmacapa,34,0 days 00:01:08.539657466
964,physicsumarizal,23,0 days 00:03:51.552145738
965,physicsumarizal,24,0 days 00:00:14.204389093
966,physicsumarizal,25,0 days 00:00:37.424643372
967,physicsumarizal,26,0 days 00:00:41.426157752
968,physicsumarizal,33,0 days 00:00:24.232464443
969,physicsumarizal,34,0 days 00:01:12.393029444
970,pioxi,23,0 days 09:10:35.468521808
971,pioxi,24,0 days 05:36:07.472439129
972,pioxi,25,0 days 10:15:40.357687728
973,pioxi,26,0 days 06:10:55.387347821
974,pioxi,34,0 days 04:31:32.091771550
975,pioxi,35,0 days 01:04:05.710326900
976,pioxiicolegio,23,0 days 00:01:23.157999713
977,pioxiicolegio,30,2 days 06:56:38.265536126
978,pioxiicolegio,31,0 days 18:02:16.653284180
979,pioxiicolegio,32,0 days 00:19:00.150817866
980,pioxiicolegio,33,0 days 00:21:03.023414807
981,pioxiicolegio,34,0 days 00:08:12.128084900
982,pioxiicolegio,35,0 days 00:33:49.631280500
983,plannetaosasco,27,0 days 00:00:13.856005692
984,plannetataboao,28,0 days 05:17:09.661293167
985,poliedro,24,0 days 00:42:00.627422583
986,poliedro,25,0 days 00:59:14.003246666
987,poliedro,27,0 days 00:01:48.077894
988,poliedro,29,0 days 00:16:41.289434100
989,poliedro,32,0 days 00:00:23.877941287
990,poliedro,33,0 days 00:00:43.124550333
991,poliedro,35,0 days 00:02:16.089094031
992,poliedropv,23,0 days 12:48:26.756164683
993,poliedropv,24,0 days 00:00:13.019429012
994,poliedropv,25,0 days 12:18:08.867085566
995,poliedropv,26,0 days 00:00:06.599245825
996,poliedropv,28,0 days 00:39:32.671586455
997,poliedropv,29,0 days 00:00:10.809651333
998,poliedropv,30,0 days 00:00:19.596713333
999,poliedropv,31,0 days 00:00:10.936461783
1000,poliedropv,32,0 days 00:00:11.946921199
1001,poliedropv,34,0 days 00:00:08.614162083
1002,poliedrotreinamento,34,0 days 00:00:47.392728040
1003,portinari,23,0 days 01:28:21.332509866
1004,portinari,24,0 days 17:26:01.341232076
1005,portinari,26,0 days 03:12:28.640022370
1006,portinari,27,0 days 04:46:32.254547396
1007,portinari,28,0 days 01:47:48.504240133
1008,portinari,29,0 days 09:58:57.092980961
1009,portinari,30,0 days 00:46:07.425950312
1010,portinari,31,0 days 00:57:33.775740538
1011,portinari,32,0 days 03:31:03.763292697
1012,portinari,33,0 days 02:41:34.965270043
1013,portinari,34,0 days 01:23:01.037996106
1014,portinari,35,0 days 00:00:41.350248151
1015,porto,23,0 days 13:15:16.330700369
1016,porto,24,0 days 00:10:41.013703762
1017,porto,25,0 days 00:41:36.030825127
1018,porto,26,0 days 03:28:10.324975818
1019,porto,27,0 days 03:10:23.773597833
1020,porto,28,0 days 09:07:11.703725
1021,porto,31,1 days 17:08:21.504904
1022,porto,32,0 days 01:27:47.898096965
1023,porto,33,0 days 02:10:57.680462851
1024,porto,34,0 days 00:29:33.273600238
1025,porto,35,0 days 00:04:47.536528008
1026,portoseguro,34,0 days 00:00:26.218482937
1027,portoseguro,35,0 days 00:00:21.444279399
1028,positivoon,28,1 days 09:58:01.704925500
1029,prevest,32,0 days 00:06:00.910156
1030,prevest,34,0 days 00:06:44.403548850
1031,primeirodemaio,31,0 days 03:02:22.004462083
1032,primeirodemaio,32,0 days 00:15:04.507331633
1033,prismapatrocinio,23,0 days 00:48:23.084693905
1034,prismapatrocinio,24,0 days 00:30:14.844432113
1035,prismapatrocinio,25,0 days 00:12:02.025786512
1036,prismapatrocinio,26,0 days 00:00:46.255311026
1037,prismapatrocinio,27,0 days 00:00:43.509239349
1038,prismapatrocinio,28,0 days 00:00:51.054561890
1039,prismapatrocinio,30,0 days 00:01:17.698110450
1040,prismapatrocinio,31,0 days 04:10:59.884424275
1041,prismapatrocinio,32,0 days 00:13:46.228242952
1042,prismapatrocinio,33,0 days 00:07:01.768940385
1043,prismapatrocinio,34,0 days 00:06:13.325056199
1044,prismapatrocinio,35,0 days 00:00:57.744492003
1045,profederal,23,0 days 00:00:11.010717680
1046,profederal,24,0 days 00:00:09.870996100
1047,profederal,25,0 days 00:00:13.362484400
1048,profederal,26,0 days 00:00:09.616837333
1049,profederal,27,0 days 00:00:08.171464333
1050,profederal,29,0 days 00:00:04.545482625
1051,profederal,30,0 days 00:00:13.295178639
1052,profederal,31,0 days 00:00:28.988946782
1053,profederal,32,0 days 00:00:13.970064873
1054,profederal,33,0 days 00:00:08.554475100
1055,profederal,34,0 days 00:00:18.864466129
1056,profederal,35,0 days 00:00:22.579683568
1057,progressaodc,23,0 days 00:02:22.087438765
1058,progressaodc,24,0 days 02:29:53.120356244
1059,progressaodc,25,0 days 00:00:19.760355637
1060,progressaodc,26,0 days 00:00:13.823466601
1061,progressaodc,27,0 days 06:21:54.459620075
1062,progressaodc,28,0 days 00:00:19.742854670
1063,progressaodc,30,0 days 00:00:14.298132253
1064,progressaodc,31,0 days 00:00:39.269560756
1065,progressaodc,32,0 days 00:00:26.960530702
1066,progressaodc,33,0 days 00:31:35.230131873
1067,progressaodc,34,0 days 00:00:47.057200024
1068,progressaodc,35,0 days 00:00:15.864053437
1069,progressaoig,23,0 days 00:04:53.617494761
1070,progressaoig,24,0 days 00:00:51.554734653
1071,progressaoig,25,0 days 00:00:36.362988844
1072,progressaoig,26,0 days 00:00:37.082900325
1073,progressaoig,27,0 days 00:04:28.842567661
1074,progressaoig,28,0 days 00:00:43.644306966
1075,progressaoig,30,0 days 00:00:07.861004700
1076,progressaoig,31,0 days 00:05:43.900635523
1077,progressaoig,32,0 days 00:00:35.753313580
1078,progressaoig,33,0 days 00:10:42.520001678
1079,progressaoig,34,0 days 00:03:02.085621360
1080,progressaoig,35,0 days 00:00:59.354197835
1081,provaspoliedro,23,0 days 02:25:10.043465415
1082,provaspoliedro,24,0 days 02:20:16.325280178
1083,provaspoliedro,25,0 days 01:02:32.774705962
1084,provaspoliedro,26,1 days 01:22:11.645757366
1085,provaspoliedro,27,0 days 00:30:59.126655626
1086,provaspoliedro,28,2 days 23:40:52.758587187
1087,provaspoliedro,30,0 days 03:37:25.266598950
1088,provaspoliedro,31,0 days 01:37:24.725915006
1089,provaspoliedro,32,0 days 01:23:51.269914674
1090,provaspoliedro,33,0 days 03:06:20.854123811
1091,provaspoliedro,34,0 days 02:22:34.287465909
1092,provaspoliedro,35,0 days 00:47:14.864620029
1093,psantagema,23,0 days 00:01:28.476413254
1094,psantagema,24,0 days 00:00:26.724730949
1095,psantagema,25,0 days 00:00:34.214047260
1096,psantagema,26,0 days 00:00:07.535669365
1097,psantagema,30,0 days 12:47:56.044556770
1098,psantagema,32,0 days 00:53:12.831252404
1099,psantagema,33,0 days 00:10:33.549793718
1100,psantagema,34,0 days 01:59:12.264510890
1101,psantagema,35,0 days 00:01:08.443737066
1102,qescola,23,0 days 00:00:23.722670456
1103,qescola,24,0 days 00:00:24.138223593
1104,qescola,25,0 days 00:00:50.486791040
1105,qescola,26,0 days 00:00:42.296727041
1106,qescola,27,3 days 14:21:52.252946833
1107,qescola,28,0 days 15:42:24.105124086
1108,qescola,29,0 days 00:00:16.872162776
1109,qescola,30,0 days 07:14:20.217775758
1110,qescola,31,0 days 00:10:30.527663239
1111,qescola,32,0 days 00:00:26.511833100
1112,qescola,33,0 days 00:00:31.689576375
1113,qescola,34,0 days 00:29:07.010612734
1114,qescola,35,0 days 00:19:53.659642314
1115,rede,35,0 days 00:00:41.911422400
1116,saberviver,32,0 days 00:09:38.718781925
1117,saea,33,0 days 00:00:58.382442666
1118,saea,35,0 days 00:03:46.506103333
1119,sagradafamilia,33,0 days 00:36:43.793412400
1120,sagradafamilia,34,0 days 08:54:50.839989241
1121,santadoroteia,23,0 days 00:01:00.582186818
1122,santadoroteia,33,0 days 00:09:49.311572666
1123,santadoroteia,34,0 days 00:00:08.508511008
1124,santamariacn,25,0 days 10:09:54.172121554
1125,santamariacn,26,0 days 00:02:35.956320020
1126,santamariacn,27,0 days 10:27:40.167921793
1127,santamariacn,28,0 days 00:01:36.066527
1128,santamariacn,29,0 days 05:11:07.198282444
1129,santamariacn,30,0 days 02:36:04.846737477
1130,santamariacn,31,0 days 05:51:08.013845466
1131,santamariacn,32,0 days 05:33:55.011966885
1132,santamariacn,33,0 days 02:35:03.786459375
1133,santamariacn,34,0 days 00:00:27.394708200
1134,santoagostinho,24,0 days 00:00:10.304983
1135,santoamerico,23,0 days 00:15:37.100865015
1136,santoamerico,24,0 days 00:01:47.208330587
1137,santoamerico,25,0 days 00:06:34.780211545
1138,santoamerico,26,0 days 00:00:14.291206498
1139,santoamerico,27,0 days 21:45:56.269852172
1140,santoamerico,28,0 days 00:00:30.768045
1141,santoamerico,30,0 days 00:02:08.332863006
1142,santoamerico,31,0 days 00:12:00.892453947
1143,santoamerico,32,0 days 00:02:29.464133810
1144,santoamerico,33,0 days 00:06:40.081233598
1145,santoamerico,34,0 days 00:01:18.241092833
1146,santoamerico,35,0 days 00:06:31.238409500
1147,santoantonio,23,0 days 00:00:37.456418125
1148,santoantonio,27,0 days 00:01:04.549203500
1149,sas,23,0 days 20:06:32.758594698
1150,sas,25,0 days 00:01:01.158594
1151,sas,29,0 days 00:00:04.398983750
1152,sas,30,0 days 00:00:01.439788994
1153,sas,31,0 days 00:00:02.662997446
1154,sas,32,0 days 00:22:39.166660351
1155,sas,33,0 days 00:07:11.665315295
1156,sasadapt,25,0 days 00:01:24.190281250
1157,sasadaptem,23,0 days 00:00:01.650920790
1158,sasadaptem,25,0 days 00:01:24.416315666
1159,saseducacao,23,0 days 00:00:15.296939933
1160,seletivoeducallis,23,0 days 01:23:55.708780250
1161,seletivoeducallis,26,0 days 00:00:33.711869150
1162,seletivoeducallis,28,0 days 00:00:04.609680700
1163,seletivoeducallis,32,0 days 00:00:12.407386575
1164,serios,24,0 days 00:00:10.957160333
1165,simbios,23,0 days 00:14:17.991243122
1166,simbios,33,0 days 00:01:04.163646458
1167,simbios,34,0 days 00:01:21.012204300
1168,simuladoita,26,0 days 14:59:54.782327797
1169,sobral,29,0 days 00:00:04.640015
1170,souhabilis,23,0 days 00:00:05.041776177
1171,souhabilis,24,0 days 00:00:04.018220977
1172,souhabilis,25,0 days 00:00:02.477395045
1173,souhabilis,26,0 days 00:00:03.204311581
1174,souhabilis,29,0 days 00:00:04.998017088
1175,souhabilis,30,0 days 00:00:04.271575988
1176,souhabilis,31,0 days 00:00:04.712985488
1177,souhabilis,32,0 days 00:00:16.364428436
1178,souhabilis,33,0 days 00:00:07.571621133
1179,souhabilis,34,0 days 00:00:04.671694073
1180,souhabilis,35,0 days 00:00:03.961255644
1181,spdacruz,23,0 days 04:25:28.571744360
1182,spdacruz,24,0 days 01:09:11.147253285
1183,spdacruz,25,0 days 00:21:14.825395156
1184,spdacruz,26,0 days 00:00:43.963334979
1185,spdacruz,31,0 days 02:58:29.296298173
1186,spdacruz,32,0 days 00:22:05.114119323
1187,spdacruz,33,0 days 00:12:38.572037289
1188,spdacruz,34,0 days 00:01:31.049061568
1189,spdacruz,35,0 days 00:01:01.173397500
1190,stellamarisaguaverde,23,0 days 02:20:55.233431783
1191,stellamarisaguaverde,24,0 days 00:34:50.404958274
1192,stellamarisaguaverde,25,0 days 00:41:36.641516771
1193,stellamarisaguaverde,26,0 days 01:08:07.766360513
1194,stellamarisaguaverde,33,0 days 05:32:46.457835193
1195,stellamarisaguaverde,34,0 days 01:55:17.226939550
1196,stellamarisaguaverde,35,0 days 00:15:06.410122909
1197,stellamarisjuveve,23,0 days 00:34:34.071354629
1198,stellamarisjuveve,24,0 days 00:13:48.843745378
1199,stellamarisjuveve,25,0 days 01:43:53.723685693
1200,stellamarisjuveve,26,0 days 01:39:38.508391127
1201,stellamarisjuveve,27,0 days 00:02:00.435837979
1202,stellamarisjuveve,29,0 days 04:50:50.164409639
1203,stellamarisjuveve,31,0 days 00:00:13.824544833
1204,stellamarisjuveve,32,0 days 00:04:19.426705263
1205,stellamarisjuveve,33,0 days 00:24:45.306169664
1206,stellamarisjuveve,34,0 days 00:32:33.350950637
1207,stellamarisjuveve,35,0 days 00:49:23.293533268
1208,stellamarisxaxim,23,0 days 00:15:21.006262775
1209,stellamarisxaxim,24,0 days 01:36:58.652289975
1210,stellamarisxaxim,25,0 days 03:39:52.854197774
1211,stellamarisxaxim,26,0 days 04:05:55.834247477
1212,stellamarisxaxim,27,0 days 00:04:03.014609500
1213,stellamarisxaxim,29,1 days 03:14:53.836872625
1214,stellamarisxaxim,31,0 days 00:00:40.140445250
1215,stellamarisxaxim,32,0 days 05:10:05.062185133
1216,stellamarisxaxim,33,0 days 00:19:37.261145543
1217,stellamarisxaxim,34,0 days 01:01:54.255461179
1218,stellamarisxaxim,35,0 days 01:06:50.183340060
1219,studos,30,0 days 00:00:56.312239
1220,testevictorhugo,32,0 days 00:00:02.195039200
1221,testevictorhugo,35,0 days 00:00:02.290127467
1222,universitariolondrina,23,0 days 00:57:27.920342962
1223,universitariolondrina,24,0 days 00:46:04.720205199
1224,universitariolondrina,25,0 days 00:12:17.655826400
1225,universitariolondrina,26,0 days 00:17:03.300376571
1226,universitariolondrina,27,0 days 00:04:15.013100749
1227,universitariolondrina,28,0 days 00:00:12.785907500
1228,universitariolondrina,29,0 days 00:01:57.605846737
1229,universitariolondrina,30,0 days 01:12:47.741770159
1230,universitariolondrina,31,0 days 00:01:01.932912784
1231,universitariolondrina,32,0 days 00:39:50.498254240
1232,universitariolondrina,33,0 days 00:02:43.280629893
1233,universitariolondrina,34,0 days 00:19:09.529082183
1234,universitariolondrina,35,0 days 00:01:33.210556814
1235,universobarcarena,23,0 days 00:00:51.658456671
1236,universobarcarena,24,0 days 00:01:03.045157567
1237,universobarcarena,25,0 days 00:00:48.152653358
1238,universobarcarena,26,0 days 00:01:09.249192005
1239,universobarcarena,27,0 days 00:01:36.638452100
1240,universobarcarena,28,0 days 00:00:39.141957778
1241,universobarcarena,29,0 days 00:00:18.209602266
1242,universobarcarena,30,0 days 00:00:35.200602567
1243,universobarcarena,31,0 days 00:00:35.746695902
1244,universobarcarena,34,0 days 00:01:58.671774
1245,universobarcarena,35,0 days 00:00:42.681009050
1246,villalobos,23,0 days 00:24:47.833053813
1247,villalobos,24,0 days 00:01:42.026834778
1248,villalobos,25,0 days 00:05:13.101958648
1249,villalobos,26,0 days 01:23:00.014211716
1250,villalobos,27,0 days 00:00:37.685588158
1251,villalobos,30,0 days 00:00:38.780958225
1252,villalobos,31,0 days 00:01:21.826929355
1253,villalobos,32,0 days 00:10:32.182627929
1254,villalobos,33,0 days 00:00:59.471408481
1255,villalobos,34,0 days 00:08:34.402577358
1256,villalobos,35,0 days 00:01:29.844426340
1257,vitae,23,0 days 00:00:35.781038962
1258,vitae,28,0 days 00:00:33.458298550
1259,wilsondeandradebarreto,35,0 days 00:00:12.216641
