,namespace,Semana,Tempo médio entre publicação e ínicio de AA
0,acessoalmirantetamandare,23,1 days 14:23:25.394718333
1,acessoalmirantetamandare,24,1 days 05:33:50.204645458
2,acessoalmirantetamandare,25,1 days 15:38:31.385327225
3,acessoalmirantetamandare,26,2 days 11:37:57.715887736
4,acessoalmirantetamandare,27,1 days 08:20:24.835438404
5,acessoalmirantetamandare,30,1 days 17:59:24.100767750
6,acessoalmirantetamandare,31,2 days 20:44:34.565151400
7,acessoalmirantetamandare,32,2 days 14:23:47.799490214
8,acessoalmirantetamandare,33,3 days 00:36:39.964706428
9,acessoalmirantetamandare,34,2 days 07:42:51.123972785
10,acessoalmirantetamandare,35,1 days 10:29:56.410139428
11,acessoboqueirao,23,1 days 06:40:40.321382333
12,acessoboqueirao,24,1 days 10:25:07.110934619
13,acessoboqueirao,25,1 days 08:10:34.641126475
14,acessoboqueirao,26,2 days 05:10:04.519258210
15,acessoboqueirao,27,1 days 03:36:57.516017051
16,acessoboqueirao,28,0 days 10:14:33.174733
17,acessoboqueirao,29,0 days 15:23:02.697338
18,acessoboqueirao,30,3 days 07:49:15.527699444
19,acessoboqueirao,31,2 days 14:12:04.165991142
20,acessoboqueirao,32,2 days 08:20:28.129237250
21,acessoboqueirao,33,1 days 20:06:29.695978250
22,acessoboqueirao,34,2 days 00:17:10.487992090
23,acessoboqueirao,35,0 days 18:47:06.230221294
24,acessocampolargo,23,1 days 17:13:07.223507307
25,acessocampolargo,24,1 days 23:21:58.380275360
26,acessocampolargo,25,2 days 01:17:11.776454045
27,acessocampolargo,26,1 days 04:58:00.942108500
28,acessocampolargo,27,2 days 06:44:13.210814076
29,acessocampolargo,30,0 days 19:36:27.545465750
30,acessocampolargo,31,3 days 17:49:08.089919833
31,acessocampolargo,32,0 days 23:14:34.567143666
32,acessocampolargo,33,2 days 11:50:16.559268647
33,acessocampolargo,34,3 days 03:00:03.255853222
34,acessocampolargo,35,1 days 11:42:28.580988500
35,acessocampolargokids,23,2 days 04:36:50.732097
36,acessocampolargokids,24,1 days 03:47:08.554054
37,acessocampolargokids,25,2 days 05:25:00.237821
38,acessocampolargokids,26,1 days 06:42:03.899174
39,acessocampolargokids,27,1 days 22:16:51.618848500
40,acessocampolargokids,31,4 days 04:07:56.635346500
41,acessocampolargokids,32,0 days 03:42:56.102411250
42,acessocampolargokids,33,0 days 05:22:01.907170750
43,acessocampolargokids,34,0 days 02:30:17.523776
44,acessofazendariogrande,23,1 days 09:10:55.963528363
45,acessofazendariogrande,24,0 days 16:08:18.384237793
46,acessofazendariogrande,25,0 days 20:33:47.243907075
47,acessofazendariogrande,26,0 days 18:59:07.321071550
48,acessofazendariogrande,27,1 days 13:55:44.514797395
49,acessofazendariogrande,30,0 days 19:43:26.946263
50,acessofazendariogrande,31,0 days 05:59:24.311428700
51,acessofazendariogrande,32,0 days 01:00:56.020969785
52,acessofazendariogrande,33,0 days 11:25:15.315803307
53,acessofazendariogrande,34,0 days 06:28:09.281582
54,acessofazendariogrande,35,0 days 05:44:53.896357166
55,acessohauer,23,0 days 20:35:31.324130722
56,acessohauer,24,1 days 03:04:53.457678083
57,acessohauer,25,1 days 06:30:53.274575
58,acessohauer,26,1 days 01:55:39.792572500
59,acessohauer,27,1 days 04:22:48.436519857
60,acessohauer,29,5 days 15:08:23.852473
61,acessohauer,31,2 days 05:07:46.120474
62,acessohauer,32,3 days 08:51:24.458267500
63,acessohauer,33,2 days 20:58:28.003985400
64,acessohauer,34,3 days 04:51:18.467128666
65,acessopinhais,23,1 days 20:48:10.006459
66,acessopinhais,24,0 days 14:33:16.023263300
67,acessopinhais,25,0 days 15:08:26.990239
68,acessopinhais,26,0 days 06:18:21.681813625
69,acessopinhais,27,0 days 12:40:01.297683142
70,acessopinhais,30,1 days 01:44:23.422235
71,acessopinhais,31,4 days 17:31:29.102360
72,acessopinhais,32,3 days 04:53:58.517552666
73,acessopinhais,33,2 days 06:34:01.574945200
74,acessopinhais,34,2 days 17:59:41.281888333
75,acessopinhais,35,1 days 19:34:38.538723222
76,acessosantafelicidade,23,2 days 04:44:23.807182
77,acessosantafelicidade,24,1 days 16:26:13.178355448
78,acessosantafelicidade,25,1 days 09:55:12.285581355
79,acessosantafelicidade,26,2 days 01:58:43.275555611
80,acessosantafelicidade,27,2 days 02:49:51.373149392
81,acessosantafelicidade,30,2 days 21:44:49.585124
82,acessosantafelicidade,31,4 days 08:05:21.448948416
83,acessosantafelicidade,32,3 days 02:05:57.357860882
84,acessosantafelicidade,33,3 days 01:35:56.235985375
85,acessosantafelicidade,34,2 days 14:40:19.148855833
86,acessosantafelicidade,35,1 days 09:56:36.912581250
87,acessosjpinhais,23,2 days 06:47:30.557523700
88,acessosjpinhais,24,1 days 17:08:16.064032562
89,acessosjpinhais,25,1 days 04:13:29.986097078
90,acessosjpinhais,26,1 days 22:20:03.004300307
91,acessosjpinhais,27,1 days 09:40:09.017954044
92,acessosjpinhais,28,0 days 21:14:41.716633500
93,acessosjpinhais,29,18 days 23:06:23.702184
94,acessosjpinhais,30,0 days 03:08:09.285119
95,acessosjpinhais,31,2 days 18:34:03.021701411
96,acessosjpinhais,32,2 days 00:00:07.930230285
97,acessosjpinhais,33,3 days 03:30:57.286270526
98,acessosjpinhais,34,2 days 04:32:43.896893107
99,acessosjpinhais,35,0 days 19:03:15.025477772
100,adrianochan,23,1 days 04:39:08.463779
101,adrianochan,24,1 days 03:14:45.017578500
102,adrianochan,25,0 days 00:02:21.388121
103,adrianochan,26,-1 days +23:58:41.493217
104,adrianochan,31,1 days 18:09:46.543846500
105,adrianochan,32,1 days 08:32:19.984121333
106,adrianochan,33,1 days 01:50:05.920749
107,adrianochan,34,0 days 05:49:38.152969666
108,adrianochan,35,-1 days +23:59:35.988484
109,aescobjetivo,23,4 days 03:36:51.942921714
110,aescobjetivo,24,4 days 05:15:36.071649340
111,aescobjetivo,25,5 days 17:08:01.108978571
112,aescobjetivo,26,1 days 02:44:40.848183
113,aescobjetivo,28,5 days 01:19:13.222401
114,aescobjetivo,29,9 days 01:50:45.040588800
115,aescobjetivo,30,8 days 20:27:58.904885818
116,aescobjetivo,31,5 days 15:00:38.493241770
117,aescobjetivo,32,3 days 04:35:32.999546196
118,aescobjetivo,33,3 days 10:03:02.069166410
119,aescobjetivo,34,3 days 17:24:48.394926072
120,aescobjetivo,35,0 days 19:26:33.437859692
121,alfacembilingue,25,-1 days +23:58:43.752502
122,amadeus,23,2 days 19:54:42.426194603
123,amadeus,24,1 days 10:47:26.031767506
124,amadeus,29,1 days 18:35:16.077738250
125,amadeus,30,3 days 09:46:25.217862153
126,amadeus,31,1 days 00:44:43.611386512
127,amadeus,32,2 days 07:24:58.141677230
128,amadeus,33,1 days 21:02:10.645699913
129,amadeus,34,0 days 15:27:10.416738400
130,amadeus,35,1 days 05:55:17.854518105
131,amais,23,3 days 07:01:47.835252400
132,amais,24,0 days 17:01:37.804209333
133,amais,33,0 days 14:48:16.116007333
134,amais,34,1 days 12:54:10.397890
135,amaisteste,28,-1 days +23:59:45.407214
136,amaisteste,33,0 days 00:03:28.518648
137,amaisteste,35,0 days 00:00:11.714772750
138,anchietaba,30,-1 days +23:58:11.878763
139,apogeustoantonio2,23,0 days 16:45:58.127927571
140,apogeustoantonio2,24,0 days 18:38:51.024884333
141,apogeustoantonio2,25,0 days 23:50:35.953598
142,apogeustoantonio2,26,0 days 15:45:22.395005500
143,apogeustoantonio2,28,0 days 01:38:14.347088
144,apogeustoantonio2,29,1 days 03:44:31.052563
145,apogeustoantonio2,31,-1 days +23:53:43.844908
146,apogeustoantonio2,32,0 days 02:49:04.295160500
147,apogeustoantonio2,34,0 days 04:31:56.364239
148,aprovest,27,0 days 02:54:49.610401
149,arlindocavalcanti,25,9 days 23:36:47.802858
150,beityaacov,23,1 days 14:58:56.702740
151,beityaacov,32,0 days 00:01:09.855073
152,beityaacov,33,0 days 00:03:56.156403
153,bertelsmann,28,-1 days +23:58:18.403241500
154,bertelsmann,31,0 days 00:00:11.067618
155,brasilcursinhos,25,0 days 13:55:45.931530
156,brasilcursinhos,27,0 days 00:46:07.770430
157,brasilcursinhos,28,1 days 01:26:47.065595
158,brasilcursinhos,29,2 days 16:57:16.587253600
159,brasilcursinhos,30,0 days 07:05:00.164572
160,brasilcursinhos,34,2 days 00:44:31.598626333
161,brasilcursinhos,35,0 days 01:05:42.507376833
162,camerinocursos,29,0 days 00:00:10.224126
163,casdinhosjc,23,0 days 02:59:24.440571250
164,casdinhosjc,24,0 days 05:15:10.577778
165,casdinhosjc,25,0 days 02:07:11.991463333
166,casdinhosjc,27,0 days 00:00:39.947785
167,casdinhosjc,31,0 days 08:19:30.161305
168,casdinhosjc,33,0 days 05:26:34.722561
169,casdvest,24,0 days 00:04:43.596424
170,casdvest,25,-1 days +23:59:08.562810
171,casdvest,26,0 days 07:54:09.740412
172,casdvest,27,0 days 00:18:16.692310
173,casdvest,28,2 days 23:52:20.603548
174,casdvest,29,-1 days +23:59:04.617257
175,casdvest,30,-1 days +23:59:02.707258
176,casdvest,31,0 days 04:29:31.536871
177,casdvest,32,0 days 00:01:53.548469
178,casdvest,33,-1 days +23:59:57.418495
179,castelobruxo,30,-1 days +23:59:47.571447
180,cats,29,-1 days +23:55:42.928258
181,cats,30,0 days 16:40:19.646702
182,cats,34,-1 days +23:58:00.970231
183,cbpdigital,23,1 days 07:32:37.414272857
184,cbpdigital,24,4 days 06:56:47.836734500
185,cbpdigital,25,0 days 15:03:19.660823
186,cbpdigital,26,0 days 08:19:13.521237500
187,cbpdigital,31,1 days 17:13:32.481780333
188,cbpdigital,32,1 days 05:56:30.982272793
189,cbpdigital,33,1 days 17:17:14.455975800
190,cbpdigital,34,1 days 15:34:31.892357259
191,cbpdigital,35,0 days 17:20:24.998523187
192,ceabb,26,3 days 16:25:59.297638333
193,ceabb,27,1 days 14:14:07.524727333
194,ceabb,31,0 days 02:37:21.102392750
195,ceabb,35,0 days 12:48:45.581901661
196,cecbdf,33,0 days 12:23:28.423220
197,cecbdf,34,-1 days +23:57:04.041294
198,ceespacolivre,23,9 days 20:11:15.496124
199,ceespacolivre,24,6 days 09:02:27.277597730
200,ceespacolivre,25,3 days 07:32:46.676373857
201,ceespacolivre,26,1 days 01:33:00.827286400
202,ceespacolivre,27,0 days 13:04:30.413622857
203,ceespacolivre,28,0 days 21:38:43.901199500
204,ceespacolivre,32,1 days 07:34:54.744262200
205,ceespacolivre,33,1 days 23:00:35.714127642
206,ceespacolivre,34,0 days 12:18:24.655710166
207,ceespacolivre,35,0 days 18:35:08.073167
208,cem,23,1 days 19:02:25.039072188
209,cem,24,5 days 07:03:26.768625666
210,cem,25,3 days 12:37:20.753206
211,cem,31,7 days 18:57:32.594113933
212,cem,32,4 days 15:34:13.785135636
213,cem,33,1 days 19:07:11.727610122
214,cem,34,3 days 11:13:08.702822142
215,cem,35,0 days 23:49:59.154903
216,ceprimeiromundo,23,38 days 16:38:36.384709115
217,ceprimeiromundo,24,31 days 10:36:15.654153320
218,ceprimeiromundo,25,24 days 14:23:34.762207166
219,ceprimeiromundo,26,8 days 21:03:33.116547500
220,ceprimeiromundo,27,1 days 09:13:25.204097105
221,ceprimeiromundo,28,0 days 15:31:12.385588153
222,ceprimeiromundo,29,5 days 12:02:46.940155666
223,ceprimeiromundo,30,0 days 22:24:26.854938500
224,ceprimeiromundo,31,2 days 02:07:20.017725176
225,ceprimeiromundo,32,4 days 10:12:07.121650258
226,ceprimeiromundo,33,2 days 19:09:29.206050
227,ceprimeiromundo,34,2 days 09:19:22.780527729
228,ceprimeiromundo,35,1 days 00:38:36.039113259
229,charlesdarwin,24,-1 days +23:59:49.942608
230,charlesdarwin,27,-1 days +23:57:48.180259
231,ciadosaber,23,2 days 23:10:52.295496234
232,ciadosaber,24,0 days 16:39:39.140888333
233,ciadosaber,25,0 days 05:13:17.924354470
234,ciadosaber,30,24 days 04:29:27.210698571
235,ciadosaber,31,1 days 14:40:11.983595333
236,ciadosaber,32,13 days 13:57:47.969770307
237,ciadosaber,33,4 days 14:03:00.123805238
238,ciadosaber,34,1 days 07:45:11.305777793
239,cmdpii,33,0 days 12:23:13.831686333
240,cmdpii,34,-1 days +23:57:03.509404167
241,cnslpb,23,0 days 16:07:25.486021181
242,cnslpb,24,1 days 16:48:35.472539884
243,cnslpb,25,0 days 01:08:49.304450
244,cnslpb,26,0 days 05:49:43.574017400
245,cnslpb,28,0 days 00:02:22.124198
246,cnslpb,30,0 days 21:46:31.027838428
247,cnslpb,31,1 days 16:02:53.774081190
248,cnslpb,32,0 days 08:41:10.019753
249,cnslpb,33,0 days 00:00:44.887494
250,cnslpb,34,1 days 20:25:45.016381
251,cnslpb,35,0 days 03:52:32.608485833
252,cognitivo,32,0 days 00:06:32.839527
253,colegioalphaunis,24,8 days 20:59:29.889939529
254,colegioalphaunis,25,7 days 23:22:13.557428666
255,colegioalphaunis,26,6 days 00:45:06.164919764
256,colegioalphaunis,27,4 days 00:09:13.266369083
257,colegioalphaunis,33,3 days 17:59:49.223438291
258,colegioalphaunis,34,4 days 21:52:44.893877500
259,colegioanchietai,33,0 days 12:22:42.333415333
260,colegioanchietai,34,-1 days +23:56:47.540515667
261,colegioanchietaii,33,0 days 12:22:47.430818
262,colegioanchietaii,34,-1 days +23:57:17.117687500
263,colegioarena,23,1 days 11:03:41.588692588
264,colegioarena,24,0 days 12:11:21.188500394
265,colegioarena,25,0 days 05:11:19.411675950
266,colegioarena,31,0 days 22:31:03.884175250
267,colegioarena,32,2 days 17:00:46.837157700
268,colegioarena,33,2 days 04:57:27.196586
269,colegioarena,34,3 days 01:41:12.202154375
270,colegioarena,35,2 days 01:51:13.742366166
271,colegiobatistaindependente,23,1 days 16:37:39.739029
272,colegiobatistaindependente,24,4 days 21:24:34.043186818
273,colegiobatistaindependente,25,1 days 16:20:48.846289836
274,colegiobatistaindependente,26,1 days 06:05:55.511933457
275,colegiobatistaindependente,27,1 days 01:14:56.336072433
276,colegiobatistaindependente,28,0 days 04:06:32.892385250
277,colegiobatistaindependente,32,0 days 02:51:02.378225
278,colegiobatistaindependente,33,0 days 20:03:07.377492384
279,colegiobatistaindependente,34,0 days 22:19:40.683220725
280,colegiobatistaindependente,35,0 days 12:53:30.326582200
281,colegiobetelbrasileirosp,23,9 days 00:57:52.934156
282,colegiobetelbrasileirosp,24,1 days 21:46:12.577417740
283,colegiobetelbrasileirosp,25,1 days 11:04:32.127670695
284,colegiobetelbrasileirosp,31,11 days 15:30:26.411960333
285,colegiobetelbrasileirosp,32,3 days 01:09:35.132419341
286,colegiobetelbrasileirosp,33,2 days 21:26:36.852526703
287,colegiobetelbrasileirosp,34,2 days 09:37:01.409143954
288,colegiobetelbrasileirosp,35,1 days 08:57:40.824681
289,colegiobianguloiv,33,0 days 12:22:52.357882
290,colegiobianguloiv,34,-1 days +23:56:19.797540834
291,colegiobilac,23,1 days 17:19:29.229692150
292,colegiobilac,24,0 days 23:50:07.122133965
293,colegiobilac,29,4 days 12:08:01.677399
294,colegiobilac,30,3 days 11:26:21.306981600
295,colegiobilac,31,1 days 12:26:05.143094055
296,colegiobilac,32,3 days 10:22:34.026236500
297,colegiobilac,33,0 days 10:22:36.002837333
298,colegiobilac,34,3 days 15:47:29.766083538
299,colegiobilac,35,0 days 15:03:21.438899250
300,colegiobrasilia,23,2 days 16:40:28.469238444
301,colegiobrasilia,24,1 days 20:40:34.622187854
302,colegiobrasilia,25,0 days 20:53:40.967554764
303,colegiobrasilia,26,35 days 01:09:38.049942333
304,colegiobrasilia,27,28 days 10:30:42.689319
305,colegiobrasilia,30,12 days 04:54:02.031035
306,colegiobrasilia,31,4 days 13:26:50.822817648
307,colegiobrasilia,32,3 days 09:50:08.075789320
308,colegiobrasilia,33,1 days 23:17:21.057661579
309,colegiobrasilia,34,3 days 02:19:31.128326148
310,colegiobrasilia,35,0 days 15:41:10.401441803
311,colegiocb,23,3 days 05:16:40.126404521
312,colegiocb,24,1 days 01:13:08.231209911
313,colegiocb,25,0 days 11:14:29.732321
314,colegiocb,26,36 days 02:37:48.013001125
315,colegiocb,27,22 days 11:01:25.445907
316,colegiocb,30,5 days 13:38:30.316613
317,colegiocb,31,1 days 02:09:10.509380739
318,colegiocb,32,18 days 14:57:00.469601727
319,colegiocb,33,1 days 12:44:01.110174500
320,colegiocb,34,3 days 00:01:36.725554820
321,colegiocb,35,1 days 13:25:43.758097428
322,colegiocognos,23,0 days 00:00:15.871297
323,colegiocognos,33,-1 days +23:57:22.844382
324,colegiodasamericas,23,0 days 00:02:08.150245
325,colegiodasamericas,24,6 days 22:51:48.798067446
326,colegiodasamericas,25,2 days 18:44:23.330288
327,colegiodasamericas,26,0 days 16:37:01.581154500
328,colegiodasamericas,27,0 days 13:22:07.125404
329,colegiodasamericas,30,5 days 19:35:37.192626833
330,colegiodasamericas,31,0 days 00:56:34.010896833
331,colegiodasamericas,33,5 days 21:30:53.876559428
332,colegiodasamericas,34,4 days 08:16:33.151340833
333,colegiodasamericas,35,1 days 21:46:12.303260600
334,colegiodompedrosegundo,28,1 days 22:12:58.382564
335,colegioeag,27,-1 days +23:58:44.268639
336,colegioeag,30,12 days 05:31:46.054042500
337,colegioeag,33,1 days 06:46:22.961127500
338,colegioeag,34,1 days 19:18:38.147575333
339,colegioecursodesafio,23,5 days 16:13:31.175362229
340,colegioecursodesafio,24,5 days 23:39:35.143937941
341,colegioecursodesafio,25,2 days 10:37:37.003892040
342,colegioecursoprogressao,23,3 days 05:27:55.961553555
343,colegioecursoprogressao,24,2 days 11:56:04.088063295
344,colegioecursoprogressao,25,4 days 02:06:40.052274465
345,colegioecursoprogressao,26,7 days 09:21:29.409091969
346,colegioecursoprogressao,27,5 days 08:35:08.553821682
347,colegioecursoprogressao,28,1 days 06:08:05.716003787
348,colegioecursoprogressao,30,7 days 12:24:26.924877400
349,colegioecursoprogressao,31,3 days 07:52:48.065080755
350,colegioecursoprogressao,32,4 days 11:07:31.912856829
351,colegioecursoprogressao,33,3 days 17:08:18.817212250
352,colegioecursoprogressao,34,1 days 04:36:33.675941325
353,colegioecursoprogressao,35,0 days 10:13:11.043288300
354,colegioeducallis,23,1 days 09:57:15.888418881
355,colegioeducallis,24,1 days 11:34:14.383012134
356,colegioeducallis,25,1 days 08:27:13.183177235
357,colegioeducallis,31,0 days 16:05:05.570638777
358,colegioeducallis,32,0 days 23:30:55.344115147
359,colegioeducallis,33,1 days 14:18:03.273876517
360,colegioeducallis,34,1 days 13:04:55.310761024
361,colegioeducallis,35,0 days 21:30:32.522348378
362,colegioensitec,23,5 days 23:44:31.799172736
363,colegioensitec,24,4 days 14:00:39.154528625
364,colegioensitec,25,5 days 19:14:43.005390
365,colegioensitec,28,6 days 06:36:17.868551500
366,colegioensitec,29,13 days 23:39:30.592515368
367,colegioensitec,30,15 days 16:28:07.772046960
368,colegioensitec,31,11 days 07:58:34.545810312
369,colegioensitec,32,12 days 03:54:36.474695600
370,colegioensitec,33,8 days 07:09:21.547899200
371,colegioensitec,34,3 days 01:30:02.331617111
372,colegioensitec,35,0 days 18:46:33.466865
373,colegioflamingo,23,0 days 10:17:23.751530200
374,colegioflamingo,24,1 days 04:48:55.637312400
375,colegioflamingo,25,0 days 13:34:13.874745823
376,colegioflamingo,26,0 days 19:37:35.186784166
377,colegioflamingo,32,2 days 09:08:33.746477900
378,colegioflamingo,33,1 days 21:21:45.412080550
379,colegioflamingo,34,1 days 05:52:28.097916739
380,colegioflamingo,35,0 days 09:04:03.464054500
381,colegiofuturageracao,23,6 days 11:16:03.257481272
382,colegiofuturageracao,24,3 days 01:10:33.227998941
383,colegiofuturageracao,25,1 days 08:17:48.881646714
384,colegiofuturageracao,26,34 days 15:17:29.453223
385,colegiofuturageracao,31,0 days 10:25:06.396598250
386,colegiofuturageracao,32,13 days 02:46:18.440376722
387,colegiofuturageracao,33,6 days 14:49:34.353599500
388,colegiofuturageracao,34,1 days 19:34:05.729413285
389,colegiofuturageracao,35,0 days 15:18:38.267431
390,colegioglobal,23,5 days 19:58:41.478574
391,colegioglobal,24,2 days 23:04:10.041351459
392,colegioglobal,25,1 days 12:52:03.976881
393,colegioglobal,26,39 days 10:01:39.974486
394,colegioglobal,30,17 days 23:01:04.163779666
395,colegioglobal,32,8 days 17:23:02.699740645
396,colegioglobal,33,3 days 20:13:35.113572342
397,colegioglobal,34,1 days 20:35:35.549403681
398,colegioglobal,35,0 days 02:56:10.071563
399,colegioguilhermedealmeida,31,0 days 16:11:33.168421666
400,colegioguilhermedealmeida,32,8 days 15:26:21.333674
401,colegioguilhermedealmeida,33,1 days 02:19:45.197030500
402,colegioguilhermedealmeida,34,1 days 15:58:37.415529250
403,colegioguilhermedealmeida,35,1 days 06:36:08.277816
404,colegioiguatemy,23,3 days 18:35:24.970839875
405,colegioiguatemy,24,1 days 15:57:55.400126
406,colegioiguatemy,25,4 days 22:27:06.971919750
407,colegioiguatemy,26,1 days 15:58:37.684736785
408,colegioiguatemy,27,0 days 08:42:39.956482
409,colegioiguatemy,30,9 days 19:33:47.570503250
410,colegioiguatemy,31,4 days 04:34:41.747477782
411,colegioiguatemy,32,5 days 01:39:34.661710750
412,colegioiguatemy,33,3 days 09:44:38.971745843
413,colegioiguatemy,34,2 days 01:53:40.478978391
414,colegioiguatemy,35,0 days 14:18:12.333971666
415,colegiointegral,23,3 days 14:33:56.102244847
416,colegiointegral,24,2 days 14:01:19.156795058
417,colegiointegral,26,23 days 16:49:45.911807
418,colegiointegral,27,5 days 21:13:51.876595800
419,colegiointegral,28,5 days 18:33:51.763437786
420,colegiointegral,29,4 days 02:30:12.837806229
421,colegiointegral,30,2 days 22:30:42.597329279
422,colegiointegral,31,4 days 15:11:02.498513169
423,colegiointegral,32,5 days 23:35:02.142124636
424,colegiointegral,33,3 days 09:59:34.055144309
425,colegiointegral,34,3 days 12:24:36.564947244
426,colegiointegral,35,2 days 11:06:19.490975800
427,colegiojoaopaulo,23,2 days 16:14:31.118265
428,colegiojoaopaulo,24,3 days 19:13:18.274374378
429,colegiojoaopaulo,25,9 days 11:17:37.662474750
430,colegiojoaopaulo,26,3 days 08:38:59.851648342
431,colegiojoaopaulo,27,1 days 04:57:10.072792193
432,colegiojoaopaulo,28,1 days 06:50:44.027766739
433,colegiojoaopaulo,29,10 days 10:17:56.324957
434,colegiojoaopaulo,30,8 days 17:47:13.269628500
435,colegiojoaopaulo,31,3 days 08:27:15.078646400
436,colegiojoaopaulo,32,4 days 16:33:56.583628564
437,colegiojoaopaulo,33,1 days 22:37:47.988530166
438,colegiojoaopaulo,34,1 days 18:18:12.182615600
439,colegiojoaopaulo,35,0 days 18:29:36.489148200
440,colegioliceu,33,0 days 10:52:27.356166777
441,colegiomagnum,23,1 days 00:15:16.577899
442,colegiomagnum,33,1 days 01:34:10.481153
443,colegiomagnum,34,0 days 22:46:02.943031
444,colegiomartinus,23,-1 days +23:58:19.599950
445,colegiomodelo,29,-1 days +23:54:42.679538
446,colegiomodelo,30,0 days 00:01:06.518974
447,colegiomodelo,35,-1 days +23:59:54.346322
448,colegiomundial,28,9 days 21:16:45.015332
449,colegiomundial,29,9 days 21:03:51.634748500
450,colegionobre,30,-1 days +23:59:34.917865
451,colegionobre,34,-1 days +23:58:17.344214
452,colegionovageracao,35,0 days 17:08:37.700908
453,colegionovopatio,23,2 days 11:00:00.343620500
454,colegionovopatio,25,1 days 11:46:40.947276
455,colegioplanck,23,2 days 02:06:21.542898500
456,colegioplanck,24,1 days 20:54:21.089381428
457,colegioplanck,25,2 days 05:10:47.028473388
458,colegioplanck,28,16 days 15:14:29.836116833
459,colegioplanck,29,-1 days +23:57:20.669104
460,colegioplanck,30,6 days 08:18:57.337171500
461,colegioplanck,31,4 days 17:23:59.195748277
462,colegioplanck,32,2 days 16:47:41.428956125
463,colegioplanck,33,3 days 01:05:58.713027794
464,colegioplanck,34,4 days 09:37:29.949573190
465,colegioplanck,35,0 days 21:17:39.491080375
466,colegiopremium,23,1 days 12:16:05.829949666
467,colegiopremium,24,1 days 23:26:17.831516750
468,colegiopremium,25,1 days 10:48:36.206991333
469,colegiopremium,26,0 days 13:19:59.179979562
470,colegiopremium,31,0 days 03:54:45.544156833
471,colegiopremium,33,0 days 06:35:13.602936526
472,colegioprogresso,28,0 days 00:02:20.248747
473,colegioradar,33,0 days 00:39:33.758096
474,colegioriobranco,27,-1 days +23:59:02.180970
475,colegiosantamaria,33,-1 days +23:58:57.064188
476,colegiosantamaria,34,-1 days +23:58:25.829060500
477,colegioser,26,19 days 22:11:54.615640333
478,colegioser,34,2 days 00:26:56.750569
479,colegiosete,23,0 days 22:01:29.923946597
480,colegiosete,24,1 days 12:41:10.163238757
481,colegiosete,25,0 days 04:31:45.124470
482,colegiosete,29,2 days 20:08:52.960210500
483,colegiosete,30,2 days 12:57:51.791605428
484,colegiosete,31,1 days 08:06:10.846658444
485,colegiosete,32,1 days 11:46:13.723156111
486,colegiosete,33,1 days 06:50:21.632857210
487,colegiosete,34,0 days 14:13:52.356612478
488,colegiosete,35,1 days 06:22:25.147977200
489,colegiouirapuru,23,0 days 22:59:06.234899060
490,colegiouirapuru,24,0 days 08:37:23.189384547
491,colegiouirapuru,25,-1 days +23:57:05.959657167
492,colegiouirapuru,26,0 days 00:54:42.032890
493,colegiouirapuru,29,0 days 00:03:42.249706
494,colegiouirapuru,31,3 days 19:56:28.818395
495,colegiouirapuru,32,0 days 20:44:19.472869176
496,colegiouirapuru,33,2 days 02:56:33.424751388
497,colegiouirapuru,34,2 days 04:44:00.966028615
498,colegiouirapuru,35,0 days 15:49:10.025484500
499,colegiouniverso,23,6 days 05:53:15.123618625
500,colegiouniverso,24,2 days 17:40:18.056178
501,colegiouniverso,25,0 days 18:09:33.885144840
502,colegiouniverso,26,0 days 01:59:37.221805
503,colegiouniverso,32,7 days 10:31:56.785721
504,colegiouniverso,33,2 days 00:19:50.285790125
505,colegioup,23,3 days 08:51:29.220296166
506,colegioup,24,2 days 19:39:38.815685879
507,colegioup,25,1 days 10:31:40.030808880
508,colegioup,26,0 days 14:53:47.537483822
509,colegioup,27,1 days 00:27:43.989733739
510,colegioup,28,0 days 18:51:25.207817319
511,colegioup,31,0 days 03:53:11.874349
512,colegioup,33,0 days 08:43:27.792272250
513,colegioup,35,1 days 00:27:11.220433500
514,conexaosaber,23,7 days 22:04:24.211250500
515,conexaosaber,24,3 days 00:18:41.701010382
516,conexaosaber,25,1 days 08:31:14.536687145
517,conexaosaber,26,0 days 00:38:49.441287
518,conexaosaber,33,6 days 09:32:02.677626
519,conexaosaber,34,0 days 19:42:08.691212555
520,conexaosaber,35,0 days 16:04:08.243686357
521,contemporaneo,31,5 days 06:55:03.512255600
522,contemporaneo,33,4 days 03:17:51.969872
523,contemporaneocidadeverde,23,1 days 20:37:57.219931
524,contemporaneocidadeverde,28,0 days 00:00:00.171693200
525,contemporaneocidadeverde,31,4 days 13:07:11.645781035
526,contemporaneocidadeverde,32,2 days 07:19:49.465976885
527,contemporaneocidadeverde,33,1 days 08:12:54.944899444
528,contemporaneocidadeverde,34,1 days 22:46:58.274400
529,contemporaneolagoanova,23,1 days 20:36:04.834643
530,contemporaneolagoanova,30,10 days 10:55:19.683795666
531,contemporaneolagoanova,31,4 days 21:02:14.940083
532,contemporaneolagoanova,32,3 days 01:24:06.092212625
533,contemporaneolagoanova,33,1 days 16:45:35.362479103
534,contemporaneolagoanova,34,1 days 11:23:35.336002500
535,cparaiso,32,0 days 00:00:34.093757
536,cparaiso,34,-1 days +23:54:12.162985
537,crb,23,5 days 23:42:40.760564736
538,crb,24,12 days 21:28:25.592674133
539,crb,25,4 days 19:00:32.361553106
540,crb,26,1 days 09:04:19.144935185
541,crb,29,6 days 01:37:24.127927
542,crb,31,11 days 05:25:24.933400545
543,crb,32,14 days 23:58:11.389231198
544,crb,33,2 days 21:42:54.653758857
545,crb,34,2 days 17:23:30.607941931
546,crb,35,0 days 06:29:32.122598090
547,crescercampinas,23,3 days 01:00:03.224519833
548,crescercampinas,24,0 days 16:48:34.715027866
549,crescercampinas,25,1 days 00:37:12.120292625
550,crescercampinas,26,0 days 00:02:30.141857
551,crescercampinas,30,8 days 12:23:34.596297
552,crescercampinas,31,1 days 21:49:50.826690866
553,crescercampinas,32,5 days 09:56:58.780400612
554,crescercampinas,33,1 days 15:08:35.634550759
555,crescercampinas,34,0 days 14:44:01.176255500
556,crescercampinas,35,0 days 00:32:53.498823444
557,cursinhoeach,25,0 days 07:18:51.289571
558,cursobase,24,0 days 11:26:10.995638
559,cursobase,25,2 days 11:23:19.060734
560,cursobase,34,4 days 20:42:06.028106
561,cursoenfase,23,1 days 20:33:50.936132
562,cursoenfase,24,0 days 02:09:26.597665
563,cursoenfase,25,0 days 20:25:20.203382
564,cursoenfase,33,2 days 00:18:03.149787
565,cursoenfase,34,1 days 22:42:39.660646
566,cursoisfera,23,1 days 06:34:46.523945625
567,cursoisfera,24,1 days 03:04:39.854969
568,cursoisfera,25,3 days 03:23:52.473432823
569,cursoisfera,26,1 days 23:21:42.928533200
570,cursoisfera,27,1 days 18:55:09.260493600
571,cursoisfera,28,0 days 07:57:14.742164800
572,cursoisfera,29,2 days 05:46:05.888978
573,cursoisfera,30,2 days 09:28:43.026715
574,cursoisfera,31,1 days 00:14:10.782889777
575,cursoisfera,32,0 days 21:26:29.077130
576,cursoisfera,33,1 days 00:08:08.597513153
577,cursoisfera,34,1 days 15:41:27.839412900
578,cursoleopoldo,32,0 days 22:30:53.405913
579,cursoleopoldo,34,0 days 11:41:29.506379
580,cursoprogressao,32,0 days 00:01:38.445883
581,cursosazambuja,23,6 days 21:19:38.918108500
582,cursosazambuja,24,7 days 18:45:46.455423
583,cursosazambuja,25,2 days 22:39:18.913472666
584,cursosazambuja,26,0 days 08:03:30.403386
585,cursosazambuja,27,0 days 11:38:32.395938500
586,cursosazambuja,28,3 days 21:07:22.442296500
587,cursosazambuja,29,1 days 18:47:35.817635454
588,cursosazambuja,30,1 days 19:35:51.680032500
589,cursosazambuja,31,0 days 00:01:33.160098
590,cursosazambuja,33,4 days 06:16:40.523249200
591,cursosazambuja,34,0 days 11:04:09.982872
592,cursosazambuja,35,0 days 16:38:16.954635333
593,dante,33,0 days 00:00:36.883197
594,deltaeducacional,23,0 days 14:39:51.607496250
595,deltaeducacional,24,0 days 19:41:29.590003200
596,deltaeducacional,25,1 days 01:27:01.123556250
597,deltaeducacional,26,0 days 17:48:38.538808900
598,deltaeducacional,32,0 days 11:21:19.575684500
599,deltaeducacional,33,1 days 00:01:15.681031
600,deltaeducacional,34,1 days 19:21:13.321196600
601,deltaeducacional,35,0 days 04:49:45.380962200
602,dommga,25,4 days 13:30:46.085988750
603,domus,23,1 days 20:32:32.152386
604,domus,33,1 days 02:56:01.354519
605,domus,34,1 days 22:41:51.598296
606,eacorcovado,23,3 days 01:03:27.404802200
607,eacorcovado,24,1 days 07:43:47.899901833
608,eacorcovado,25,1 days 16:10:06.963167333
609,eacorcovado,31,2 days 19:29:51.641928
610,eacorcovado,32,0 days 15:50:32.929571
611,eacorcovado,33,2 days 04:05:30.867700
612,eacorcovado,35,-1 days +23:57:30.470645
613,eccos,24,3 days 19:15:44.336271833
614,eccos,25,1 days 08:52:11.237325615
615,eccos,26,1 days 12:49:33.008653
616,eccos,31,3 days 14:42:01.463422
617,eccos,32,3 days 03:43:47.014417937
618,eccos,33,0 days 19:42:53.186773555
619,eccos,34,1 days 19:24:15.979119782
620,eccos,35,0 days 11:08:25.211558666
621,educamais,24,0 days 16:10:47.589593
622,educamais,33,3 days 11:04:23.796811
623,educandarioterciocorreia,23,0 days 12:51:24.799844666
624,educandarioterciocorreia,24,0 days 19:16:54.294372035
625,educandarioterciocorreia,25,2 days 01:16:00.175616062
626,educandarioterciocorreia,26,0 days 14:03:46.746470
627,educandarioterciocorreia,31,0 days 15:00:45.300858333
628,educandarioterciocorreia,32,11 days 15:46:25.778843333
629,educandarioterciocorreia,33,0 days 16:44:11.029387521
630,educandarioterciocorreia,34,0 days 14:10:35.541296050
631,educandarioterciocorreia,35,0 days 00:43:28.604429
632,educarse,32,1 days 17:38:21.177967
633,educarse,33,1 days 04:30:37.660394
634,eduqo,32,0 days 00:03:46.860193
635,einsteinassis,23,2 days 07:43:04.694919258
636,einsteinassis,24,0 days 23:07:15.350323500
637,einsteinassis,25,0 days 13:18:30.188382227
638,einsteinassis,32,9 days 10:57:49.156854250
639,einsteinassis,35,0 days 00:02:31.696531
640,elitecuritiba,23,1 days 19:56:27.143229
641,elitecuritibaemilianoperneta,23,2 days 19:36:30.114762666
642,elitecuritibaemilianoperneta,24,5 days 11:11:26.798523555
643,elitecuritibaemilianoperneta,25,4 days 12:45:08.575248875
644,elitecuritibaemilianoperneta,26,1 days 23:18:48.854583428
645,elitecuritibaemilianoperneta,27,2 days 23:37:41.842121
646,elitecuritibaemilianoperneta,29,5 days 03:59:27.483502
647,elitecuritibaemilianoperneta,30,0 days 01:29:17.494129666
648,elitecuritibaemilianoperneta,31,0 days 05:03:01.945654
649,elitecuritibaemilianoperneta,32,2 days 03:54:31.272755750
650,elitecuritibaemilianoperneta,33,1 days 01:31:28.240165
651,elitecuritibaemilianoperneta,34,2 days 15:53:32.759785833
652,eluneonline,26,-1 days +23:58:41.937334
653,eluneonline,27,0 days 00:02:45.586399
654,equipe,34,-1 days +23:58:55.106812
655,escola,34,0 days 00:00:12.129114
656,escolaceciliameireles,23,0 days 19:31:38.114961500
657,escolaceciliameireles,24,0 days 00:03:24.075758
658,escolaceciliameireles,26,6 days 10:30:03.729788833
659,escolaceciliameireles,27,2 days 14:11:47.076590230
660,escolaceciliameireles,28,6 days 02:22:39.587426
661,escolaceciliameireles,30,4 days 01:58:43.275500
662,escolaceciliameireles,31,2 days 02:42:37.027079333
663,escolaceciliameireles,32,3 days 07:28:50.958539888
664,escolaceciliameireles,33,1 days 14:55:54.285306
665,escolaceciliameireles,35,0 days 02:02:15.924502
666,escoladeimpacto,28,0 days 14:48:18.253636500
667,escolajardimdasnacoes,24,0 days 00:27:58.226797500
668,escolamaster,23,2 days 17:36:18.888661444
669,escolamaster,24,2 days 01:57:56.045115
670,escolamaster,25,0 days 04:04:37.273391714
671,escolamaster,26,0 days 00:03:05.134630666
672,escolamaster,31,0 days 15:22:40.018435
673,escolamaster,33,0 days 15:27:32.034639
674,esperanza,34,0 days 00:01:56.085156
675,estantemagica,27,-1 days +23:59:19.480294
676,faculdadeflamingo,30,0 days 00:01:01.987059500
677,faculdadeflamingo,31,7 days 00:44:35.685124333
678,faculdadeflamingo,32,1 days 00:10:38.079811250
679,faculdadeflamingo,33,2 days 21:47:57.156233666
680,faculdadeflamingo,34,3 days 21:02:05.972800
681,faculdadeflamingo,35,0 days 12:03:06.205130666
682,fleming,31,0 days 00:03:13.777662
683,fleming,33,0 days 00:00:40.308653
684,francobrasileiro,28,0 days 00:21:30.175768
685,francobrasileiro,30,0 days 00:11:20.810857333
686,fundacaobradesco,29,-1 days +23:59:15.082807
687,galois,28,0 days 00:00:36.527135
688,garra,23,-1 days +23:48:52.071173
689,garra,24,0 days 06:42:20.169582500
690,garra,30,0 days 10:32:20.749172500
691,garra,31,0 days 14:06:29.243029
692,gerabixo,24,0 days 00:01:58.385859
693,gerabixo,33,0 days 22:53:24.611728
694,idaam,23,1 days 01:42:18.636392500
695,idaam,33,1 days 02:50:30.008391
696,idaam,34,0 days 23:19:55.191700500
697,implantacao,26,0 days 18:05:59.809212
698,insa,34,4 days 21:02:37.666188500
699,institutoauxiliadoradf,34,-1 days +23:56:56.450497445
700,institutocristao,23,1 days 21:59:01.674101400
701,institutocristao,24,1 days 02:01:01.652276425
702,institutocristao,25,0 days 15:23:44.047664142
703,institutocristao,26,0 days 06:05:59.389920
704,institutocristao,32,0 days 00:00:36.932352
705,institutocristao,34,1 days 08:34:08.103895500
706,institutoeurofarma,32,0 days 04:18:52.720088
707,institutosaojose,33,0 days 11:01:54.921307750
708,institutosaojose,34,-1 days +23:56:10.791501
709,integra,23,6 days 03:39:32.251727400
710,integra,24,8 days 12:48:45.896683600
711,integra,25,6 days 06:21:08.326688500
712,integra,34,5 days 03:52:35.399362777
713,integradaeducativa,23,1 days 08:59:36.277259025
714,integradaeducativa,24,2 days 05:30:28.311953371
715,integradaeducativa,25,2 days 00:27:52.266591463
716,integradaeducativa,26,0 days 10:27:17.847173666
717,integradaeducativa,27,27 days 19:03:13.776691500
718,integradaeducativa,29,12 days 09:07:53.437639333
719,integradaeducativa,30,1 days 19:57:19.883973111
720,integradaeducativa,31,0 days 00:07:42.432598555
721,integradaeducativa,32,0 days 08:26:34.547845375
722,integradaeducativa,33,0 days 06:55:00.994127906
723,integradaeducativa,34,0 days 18:20:46.839630214
724,integradaeducativa,35,0 days 01:13:46.485773
725,invictus,23,0 days 17:58:33.182385
726,invictus,24,2 days 07:32:31.826661
727,invictus,25,0 days 09:50:01.952980400
728,invictus,26,0 days 17:31:26.784474250
729,invictus,27,0 days 21:17:02.592265100
730,invictus,28,1 days 00:22:35.319241214
731,invictus,32,0 days 14:21:36.949233
732,invictus,33,0 days 13:54:50.464679368
733,invictus,34,1 days 09:00:49.942309428
734,invictus,35,0 days 14:14:04.349380
735,iracemarufino,31,0 days 00:01:40.250139
736,isem,23,2 days 02:43:22.318958
737,isem,24,0 days 21:00:17.932056600
738,isem,25,0 days 14:03:03.006838941
739,isem,26,5 days 19:40:45.387475444
740,isem,27,7 days 02:40:13.317515595
741,isem,28,1 days 21:16:08.712796583
742,isem,30,10 days 09:01:23.257759904
743,isem,31,3 days 22:01:17.082020666
744,isem,32,1 days 12:46:18.836839
745,itamarati,25,0 days 18:36:24.878048500
746,itamarati,34,0 days 10:58:08.202729
747,jardimsaopaulo,23,0 days 20:57:49.038860333
748,jardimsaopaulo,24,0 days 13:50:36.229237
749,jazzvestibular,35,0 days 00:29:23.562648
750,joaobelem,25,1 days 07:00:09.851319
751,lasalleaguasclaras,34,-1 days +23:57:11.932951778
752,liessinbarra,25,0 days 07:14:32.877180
753,litteratus,33,1 days 00:01:29.128659
754,macvest,23,0 days 04:45:42.158609500
755,macvest,26,0 days 06:37:54.277074
756,macvest,27,0 days 07:28:39.959112
757,macvest,32,0 days 14:42:26.777063
758,macvest,33,0 days 08:15:09.441175
759,magister,24,0 days 00:01:32.215494500
760,magister,25,1 days 21:08:13.048535
761,magister,29,0 days 06:43:23.590099666
762,magister,30,11 days 18:45:14.423406166
763,magister,32,4 days 12:31:37.085695769
764,magister,33,1 days 00:46:26.628179428
765,maplebearslz,23,1 days 04:26:27.195677653
766,maplebearslz,24,1 days 02:20:48.178952090
767,maplebearslz,25,1 days 14:50:08.650848521
768,maplebearslz,26,1 days 02:42:52.642712750
769,maplebearslz,30,2 days 15:46:48.025116777
770,maplebearslz,31,1 days 07:21:57.741234615
771,maplebearslz,32,0 days 16:22:30.415046200
772,maplebearslz,33,0 days 14:11:04.275509979
773,maplebearslz,34,0 days 23:56:59.017598630
774,maplebearslz,35,0 days 05:36:23.909038333
775,mariliamattoso,23,2 days 03:50:27.853608416
776,mariliamattoso,24,1 days 17:54:40.520232555
777,mariliamattoso,25,1 days 21:34:05.788923269
778,mariliamattoso,26,1 days 04:12:00.301266
779,mariliamattoso,27,0 days 13:34:31.846172
780,mariliamattoso,28,11 days 08:00:55.750286600
781,mariliamattoso,29,8 days 11:24:45.646199714
782,mariliamattoso,30,2 days 08:38:11.509041304
783,mariliamattoso,31,1 days 11:59:43.596062428
784,mariliamattoso,32,5 days 11:45:25.038147181
785,mariliamattoso,33,2 days 19:06:50.733572129
786,mariliamattoso,34,1 days 20:07:56.329898037
787,mariliamattoso,35,1 days 04:14:19.597729300
788,master,23,4 days 01:08:50.436964785
789,master,24,3 days 02:10:53.791344813
790,master,25,2 days 23:16:17.858606981
791,master,26,2 days 05:33:17.279044103
792,master,27,6 days 08:34:53.586272870
793,master,28,5 days 00:56:32.253235636
794,master,29,7 days 20:40:54.625595333
795,master,31,4 days 17:57:17.373589509
796,master,32,4 days 07:44:56.492433772
797,master,33,3 days 18:07:47.294923250
798,master,34,1 days 15:17:22.667004714
799,master,35,1 days 09:33:18.434508461
800,meta,30,0 days 00:01:22.373888
801,minhalista,24,0 days 00:01:27.075128750
802,minhalista,25,-1 days +23:59:20.648053400
803,minhalista,32,0 days 00:00:43.501605500
804,moaciralves,33,0 days 09:33:20.848180
805,moaciralves,34,0 days 19:13:14.770481
806,montessori,23,1 days 01:32:36.129373
807,montessori,33,1 days 02:45:48.276773
808,montessori,34,1 days 22:34:23.886153
809,murilorocha,31,0 days 05:11:25.525411
810,murilorocha,32,0 days 12:12:46.514371
811,murilorocha,35,-1 days +23:56:47.214720
812,navegasas,27,0 days 00:03:55.196909
813,novotempo,23,1 days 01:30:56.928541
814,novotempo,24,0 days 00:02:42.589468
815,novotempo,33,1 days 02:42:07.932291
816,novotempo,34,1 days 22:32:57.209019
817,nucleocriativo,23,1 days 22:00:38.589680976
818,nucleocriativo,24,1 days 11:21:19.663095458
819,nucleocriativo,25,0 days 15:53:01.977305870
820,nucleocriativo,32,8 days 09:51:52.624975
821,nucleocriativo,34,0 days 23:08:29.877132105
822,nucleocriativo,35,0 days 09:03:22.474481048
823,nucleopva,28,14 days 15:50:20.183023
824,objetivolorena,23,2 days 02:13:00.914738554
825,objetivolorena,24,1 days 01:14:17.292906305
826,objetivolorena,25,1 days 23:58:59.892753928
827,objetivolorena,26,1 days 08:55:55.367134163
828,objetivolorena,31,4 days 23:03:02.109622
829,objetivolorena,32,5 days 23:24:18.609284907
830,objetivolorena,33,3 days 15:28:06.877913406
831,objetivolorena,34,2 days 13:29:20.250224603
832,objetivolorena,35,0 days 22:49:09.184937433
833,objetivoteresina,24,-1 days +23:57:43.906372
834,objetivoteresina,28,0 days 00:01:15.621606
835,oficinadoestudante,23,5 days 01:54:39.985859076
836,oficinadoestudante,24,1 days 23:36:06.549440
837,oficinadoestudante,25,0 days 16:09:09.442887
838,oficinadoestudante,26,5 days 00:04:32.885129250
839,osequim,34,0 days 08:23:41.930912333
840,overabelcabral,23,3 days 23:04:32.312141461
841,overabelcabral,24,2 days 12:39:21.726347623
842,overabelcabral,25,1 days 20:07:35.774331099
843,overabelcabral,26,1 days 05:38:34.181985200
844,overabelcabral,27,5 days 16:52:28.906695
845,overabelcabral,28,36 days 11:50:35.160862666
846,overabelcabral,29,34 days 06:54:00.365956333
847,overabelcabral,30,4 days 20:06:55.803740250
848,overabelcabral,31,5 days 00:02:53.148074913
849,overabelcabral,32,1 days 20:57:28.347722727
850,overabelcabral,33,2 days 00:35:11.150227638
851,overabelcabral,34,1 days 20:39:31.962650220
852,overabelcabral,35,0 days 18:06:02.857638050
853,overjoaopessoa,23,1 days 03:36:30.178351
854,overjoaopessoa,24,4 days 05:59:11.471931538
855,overjoaopessoa,25,2 days 05:41:32.822170578
856,overjoaopessoa,26,0 days 21:11:08.575297562
857,overjoaopessoa,32,0 days 18:00:44.382758833
858,overjoaopessoa,33,1 days 23:22:43.428835833
859,overjoaopessoa,34,1 days 13:38:22.659000
860,overjoaopessoa,35,0 days 11:19:48.192901
861,overlimaesilva,23,1 days 02:56:42.929127666
862,overlimaesilva,24,0 days 12:41:22.294799
863,overlimaesilva,25,0 days 01:58:52.308536200
864,overlimaesilva,26,0 days 07:49:41.136715250
865,overlimaesilva,31,0 days 08:20:25.010438
866,overlimaesilva,32,0 days 05:04:17.280534
867,overlimaesilva,33,3 days 17:55:44.599305300
868,overlimaesilva,34,0 days 16:25:35.546263391
869,overlimaesilva,35,0 days 10:53:16.258892285
870,overmarciliofurtado,23,5 days 21:00:48.483408900
871,overmarciliofurtado,24,3 days 12:53:04.280627102
872,overmarciliofurtado,25,2 days 08:19:12.130286701
873,overmarciliofurtado,26,1 days 05:26:27.981023709
874,overmarciliofurtado,27,2 days 02:03:20.021643705
875,overmarciliofurtado,28,36 days 09:43:26.133487333
876,overmarciliofurtado,29,34 days 05:18:35.182571666
877,overmarciliofurtado,30,6 days 05:41:19.290529666
878,overmarciliofurtado,31,3 days 11:09:11.999948157
879,overmarciliofurtado,32,2 days 07:07:28.056317294
880,overmarciliofurtado,33,1 days 21:55:57.688713243
881,overmarciliofurtado,34,2 days 12:48:29.745903937
882,overmarciliofurtado,35,0 days 21:41:52.104033500
883,overmossoro,23,4 days 17:14:37.700294888
884,overmossoro,24,2 days 04:15:42.427047153
885,overmossoro,25,0 days 20:24:09.135715944
886,overmossoro,26,0 days 16:33:53.631400410
887,overmossoro,30,4 days 06:59:38.592412
888,overmossoro,31,0 days 23:43:54.395095
889,overmossoro,32,1 days 15:21:48.131904900
890,overmossoro,33,2 days 20:56:41.214294333
891,overmossoro,34,1 days 10:48:08.009431071
892,overmossoro,35,0 days 22:45:27.667153538
893,overnascimentodecastro,23,1 days 00:49:30.345877
894,overnascimentodecastro,25,1 days 06:17:36.931481
895,overnascimentodecastro,27,0 days 00:01:59.587671
896,overnascimentodecastro,33,1 days 02:27:59.504080
897,overnascimentodecastro,34,1 days 22:15:38.610431
898,overpontanegra,23,3 days 00:44:57.093423243
899,overpontanegra,24,3 days 09:35:05.810731777
900,overpontanegra,25,2 days 00:42:43.705865784
901,overpontanegra,26,1 days 01:14:38.358454117
902,overpontanegra,28,36 days 10:10:37.709093333
903,overpontanegra,29,34 days 06:12:19.585265333
904,overpontanegra,31,5 days 00:57:29.842848366
905,overpontanegra,32,3 days 04:02:25.048736125
906,overpontanegra,33,3 days 04:20:05.867310260
907,overpontanegra,34,1 days 13:42:07.108702305
908,overpontanegra,35,0 days 20:04:58.173538904
909,overzonanorte,23,4 days 07:24:23.734874541
910,overzonanorte,24,3 days 21:51:03.249478328
911,overzonanorte,25,1 days 11:56:01.888228430
912,overzonanorte,26,1 days 01:00:58.955246229
913,overzonanorte,27,-1 days +23:58:06.904629
914,overzonanorte,30,5 days 19:51:45.721561500
915,overzonanorte,31,2 days 18:13:04.891248
916,overzonanorte,32,4 days 16:26:40.051949846
917,overzonanorte,33,4 days 08:32:31.472355384
918,overzonanorte,34,1 days 05:19:59.867118833
919,overzonanorte,35,0 days 17:21:39.128646222
920,pauloviana,31,7 days 20:56:06.387878
921,pearson,31,-1 days +23:59:04.160353
922,pesenglish,34,0 days 00:00:33.915790
923,physicsalcindocacela,23,7 days 17:35:58.053042400
924,physicsalcindocacela,24,1 days 02:50:45.550362
925,physicsalcindocacela,25,2 days 12:49:00.157833757
926,physicsalcindocacela,27,0 days 02:57:32.140542
927,physicsalcindocacela,33,0 days 15:56:38.277601500
928,physicsalcindocacela,34,0 days 19:02:09.330402666
929,physicsalmirantebarroso,23,0 days 19:33:32.291983636
930,physicsalmirantebarroso,24,5 days 11:15:21.573532461
931,physicsalmirantebarroso,25,4 days 14:34:49.403738389
932,physicsalmirantebarroso,26,1 days 13:48:20.341565
933,physicsalmirantebarroso,33,0 days 09:37:02.218262400
934,physicsalmirantebarroso,34,1 days 21:56:26.914179
935,physicsaugustomontenegro,23,1 days 07:38:27.595710529
936,physicsaugustomontenegro,24,7 days 15:19:28.367941888
937,physicsaugustomontenegro,25,4 days 18:07:22.349723
938,physicsaugustomontenegro,26,0 days 22:46:11.814376538
939,physicsaugustomontenegro,33,0 days 09:47:23.305052
940,physicsaugustomontenegro,34,1 days 22:02:34.851009
941,physicsbatistacampos,23,2 days 03:52:53.986455111
942,physicsbatistacampos,24,1 days 01:58:31.922698166
943,physicsbatistacampos,25,5 days 10:57:00.273010615
944,physicsbatistacampos,26,0 days 22:49:04.341318100
945,physicsbatistacampos,32,3 days 00:24:58.983484
946,physicsbatistacampos,33,0 days 08:44:26.714715750
947,physicscidadenova,23,1 days 11:15:08.642407692
948,physicscidadenova,24,1 days 20:33:42.838444833
949,physicscidadenova,25,4 days 16:03:49.842744326
950,physicscidadenova,26,1 days 00:12:20.534337800
951,physicscidadenova,33,0 days 09:43:38.011511400
952,physicscidadenova,34,1 days 18:50:16.459518
953,physicsconselheirofurtado,23,1 days 00:25:11.883851555
954,physicsconselheirofurtado,25,4 days 06:48:52.998452625
955,physicsconselheirofurtado,26,0 days 06:51:40.107580500
956,physicsconselheirofurtado,31,0 days 07:08:17.691927
957,physicsconselheirofurtado,32,0 days 12:21:38.487022
958,physicsconselheirofurtado,33,1 days 02:14:03.588677
959,physicsconselheirofurtado,34,1 days 21:53:28.484252
960,physicsmacapa,23,1 days 04:22:14.907642
961,physicsmacapa,25,4 days 09:19:10.121843519
962,physicsmacapa,33,0 days 09:40:39.257366800
963,physicsmacapa,34,1 days 21:52:12.579607
964,physicsumarizal,23,1 days 05:06:19.953369538
965,physicsumarizal,24,2 days 21:21:43.773925960
966,physicsumarizal,25,4 days 12:40:42.625715672
967,physicsumarizal,26,0 days 21:22:48.397333095
968,physicsumarizal,33,0 days 09:35:10.248617800
969,physicsumarizal,34,1 days 21:46:23.659128
970,pioxi,23,3 days 12:47:32.436621446
971,pioxi,24,2 days 18:20:52.513085513
972,pioxi,25,1 days 18:05:37.082953333
973,pioxi,26,0 days 16:16:31.497310583
974,pioxi,34,0 days 16:13:44.831757750
975,pioxi,35,0 days 15:22:06.680349500
976,pioxiicolegio,23,2 days 04:08:36.903181200
977,pioxiicolegio,30,3 days 16:47:52.010382600
978,pioxiicolegio,31,5 days 02:59:48.826161
979,pioxiicolegio,32,2 days 07:17:18.666767687
980,pioxiicolegio,33,1 days 15:52:05.483958
981,pioxiicolegio,34,2 days 01:55:44.040503250
982,pioxiicolegio,35,0 days 14:20:26.607436
983,plannetaosasco,27,4 days 18:15:58.242572
984,plannetataboao,28,14 days 16:54:17.843338109
985,poliedro,24,4 days 01:04:37.015202333
986,poliedro,25,1 days 17:19:46.024705
987,poliedro,27,13 days 20:23:23.912251
988,poliedro,29,2 days 14:30:19.814533
989,poliedro,32,0 days 07:44:59.166804750
990,poliedro,33,12 days 21:48:53.898841
991,poliedro,35,1 days 15:27:36.879235250
992,poliedropv,23,1 days 23:55:28.432013
993,poliedropv,24,1 days 02:28:12.721714250
994,poliedropv,25,0 days 13:01:29.538764500
995,poliedropv,26,1 days 08:29:18.525013
996,poliedropv,28,1 days 23:18:10.493812666
997,poliedropv,29,1 days 23:47:08.780909
998,poliedropv,30,1 days 06:07:25.186095
999,poliedropv,31,2 days 00:10:16.318765
1000,poliedropv,32,0 days 15:30:22.634921666
1001,poliedropv,34,1 days 00:00:33.533217
1002,poliedrotreinamento,34,0 days 00:02:22.565116
1003,portinari,23,1 days 14:44:18.878785
1004,portinari,24,1 days 18:49:21.161056800
1005,portinari,26,19 days 06:50:37.427613900
1006,portinari,27,3 days 15:03:03.444936400
1007,portinari,28,2 days 15:47:05.058709529
1008,portinari,29,4 days 19:39:15.370680470
1009,portinari,30,2 days 21:59:40.449261117
1010,portinari,31,2 days 13:20:19.131559800
1011,portinari,32,2 days 00:29:53.311417666
1012,portinari,33,2 days 21:13:43.031474555
1013,portinari,34,1 days 18:46:30.568365750
1014,portinari,35,1 days 12:24:36.704628857
1015,porto,23,2 days 19:17:43.320807588
1016,porto,24,3 days 14:42:29.527647750
1017,porto,25,1 days 04:22:55.450440309
1018,porto,26,0 days 19:06:33.405527363
1019,porto,27,0 days 00:00:41.683333
1020,porto,28,1 days 00:27:58.391708
1021,porto,31,-1 days +23:58:27.187366
1022,porto,32,2 days 07:05:53.021857105
1023,porto,33,1 days 21:10:40.681119297
1024,porto,34,1 days 21:48:52.835600266
1025,porto,35,0 days 09:53:42.954554578
1026,portoseguro,34,-1 days +23:55:05.709101
1027,portoseguro,35,0 days 14:25:48.560302
1028,positivoon,28,0 days 00:00:46.474698
1029,prevest,32,0 days 00:00:07.012195
1030,prevest,34,1 days 00:34:07.217267
1031,primeirodemaio,31,0 days 00:24:31.892623
1032,primeirodemaio,32,0 days 00:04:05.721938
1033,prismapatrocinio,23,3 days 20:34:02.979803414
1034,prismapatrocinio,24,4 days 14:28:46.290252327
1035,prismapatrocinio,25,3 days 00:09:36.907934333
1036,prismapatrocinio,26,3 days 09:49:15.683718485
1037,prismapatrocinio,27,3 days 00:43:02.972883380
1038,prismapatrocinio,28,1 days 00:26:45.817005562
1039,prismapatrocinio,30,1 days 00:01:28.953175500
1040,prismapatrocinio,31,8 days 22:51:02.295376500
1041,prismapatrocinio,32,5 days 16:15:33.175370781
1042,prismapatrocinio,33,3 days 09:33:47.462797200
1043,prismapatrocinio,34,2 days 22:12:57.688646232
1044,prismapatrocinio,35,1 days 17:22:31.620845333
1045,profederal,23,1 days 11:57:10.439968833
1046,profederal,24,2 days 21:36:32.551297
1047,profederal,25,2 days 23:22:46.083344
1048,profederal,26,2 days 04:59:24.586266250
1049,profederal,27,1 days 22:27:50.819075666
1050,profederal,29,7 days 03:49:29.264431
1051,profederal,30,5 days 07:45:14.851231
1052,profederal,31,0 days 20:40:12.995550416
1053,profederal,32,1 days 14:18:32.566922363
1054,profederal,33,1 days 03:01:06.087150937
1055,profederal,34,1 days 03:56:22.530478066
1056,profederal,35,1 days 04:29:46.349167166
1057,progressaodc,23,1 days 22:56:43.174483346
1058,progressaodc,24,2 days 00:09:33.452517833
1059,progressaodc,25,3 days 16:33:55.131451250
1060,progressaodc,26,9 days 02:16:21.546617
1061,progressaodc,27,16 days 09:19:16.727337181
1062,progressaodc,28,0 days 07:58:30.790701800
1063,progressaodc,30,12 days 11:28:43.048843333
1064,progressaodc,31,3 days 08:08:57.524259555
1065,progressaodc,32,3 days 20:35:03.141416500
1066,progressaodc,33,6 days 01:36:51.183190935
1067,progressaodc,34,3 days 02:26:35.526568666
1068,progressaodc,35,0 days 22:13:25.801206812
1069,progressaoig,23,5 days 20:43:26.193543133
1070,progressaoig,24,1 days 19:33:03.625867600
1071,progressaoig,25,5 days 06:06:06.741068111
1072,progressaoig,26,1 days 17:51:29.115894545
1073,progressaoig,27,3 days 08:25:40.832524615
1074,progressaoig,28,1 days 04:00:32.670863666
1075,progressaoig,30,8 days 23:14:55.716974
1076,progressaoig,31,3 days 18:04:14.516162769
1077,progressaoig,32,4 days 12:06:31.289868400
1078,progressaoig,33,4 days 01:32:16.201790666
1079,progressaoig,34,2 days 11:33:42.916042736
1080,progressaoig,35,0 days 20:09:25.149208500
1081,provaspoliedro,23,2 days 21:26:59.217119040
1082,provaspoliedro,24,2 days 06:38:42.912794440
1083,provaspoliedro,25,7 days 09:27:37.694430509
1084,provaspoliedro,26,18 days 14:01:54.081309722
1085,provaspoliedro,27,2 days 09:51:51.999527230
1086,provaspoliedro,28,5 days 08:34:02.666032500
1087,provaspoliedro,30,2 days 11:23:17.499778093
1088,provaspoliedro,31,2 days 12:26:23.522701313
1089,provaspoliedro,32,1 days 04:54:47.558044512
1090,provaspoliedro,33,1 days 04:53:05.316360819
1091,provaspoliedro,34,1 days 07:23:34.804922422
1092,provaspoliedro,35,1 days 00:47:36.611981666
1093,psantagema,23,13 days 16:12:43.759703250
1094,psantagema,24,5 days 02:47:34.394985882
1095,psantagema,25,4 days 06:40:54.205298769
1096,psantagema,26,1 days 08:54:05.975412500
1097,psantagema,30,0 days 00:03:11.829486333
1098,psantagema,32,6 days 11:27:39.537381642
1099,psantagema,33,1 days 23:32:40.732222096
1100,psantagema,34,0 days 16:28:40.276171
1101,psantagema,35,0 days 13:40:10.589956666
1102,qescola,23,53 days 18:14:32.220111214
1103,qescola,24,47 days 00:46:56.675065714
1104,qescola,25,39 days 15:20:45.583202
1105,qescola,26,33 days 06:25:11.383560714
1106,qescola,27,19 days 12:51:00.687857
1107,qescola,28,18 days 03:07:26.796066857
1108,qescola,29,8 days 19:47:56.836774666
1109,qescola,30,3 days 06:30:08.798179882
1110,qescola,31,2 days 04:47:14.338104
1111,qescola,32,2 days 11:57:38.277010500
1112,qescola,33,0 days 00:00:11.071069500
1113,qescola,34,0 days 07:12:24.305011500
1114,qescola,35,-1 days +23:50:22.048575648
1115,rede,35,-1 days +23:59:09.088694
1116,saberviver,32,0 days 17:31:35.725599
1117,saea,33,0 days 00:01:04.766714
1118,saea,35,0 days 00:34:31.722647
1119,sagradafamilia,33,0 days 00:25:13.793273
1120,sagradafamilia,34,0 days 23:36:17.639012400
1121,santadoroteia,23,1 days 23:12:39.951751
1122,santadoroteia,33,0 days 12:22:33.398728333
1123,santadoroteia,34,-1 days +23:56:53.429510500
1124,santamariacn,25,9 days 02:41:17.152424500
1125,santamariacn,26,0 days 00:19:24.428185200
1126,santamariacn,27,2 days 06:09:18.745111400
1127,santamariacn,28,0 days 00:02:33.752463500
1128,santamariacn,29,16 days 12:23:39.911281
1129,santamariacn,30,8 days 06:40:59.432650500
1130,santamariacn,31,0 days 09:24:22.185271
1131,santamariacn,32,0 days 13:04:09.037815
1132,santamariacn,33,0 days 00:02:56.766214
1133,santamariacn,34,0 days 09:38:05.644191
1134,santoagostinho,24,0 days 00:00:48.136266
1135,santoamerico,23,2 days 01:26:24.196609756
1136,santoamerico,24,1 days 10:33:04.816677672
1137,santoamerico,25,4 days 22:55:59.824522500
1138,santoamerico,26,48 days 03:17:02.598547250
1139,santoamerico,27,3 days 02:35:42.487921647
1140,santoamerico,28,0 days 00:01:30.680934500
1141,santoamerico,30,6 days 22:12:57.931729230
1142,santoamerico,31,5 days 03:41:14.530642052
1143,santoamerico,32,0 days 21:28:22.809289684
1144,santoamerico,33,2 days 11:06:26.862469200
1145,santoamerico,34,0 days 10:26:00.076566833
1146,santoamerico,35,2 days 15:45:41.170031333
1147,santoantonio,23,0 days 00:00:18.273572
1148,santoantonio,27,-1 days +23:59:14.138573
1149,sas,23,-1 days +23:56:10.946800
1150,sas,25,-1 days +23:58:31.858534
1151,sas,29,-1 days +23:59:52.349962
1152,sas,30,0 days 00:02:42.132000500
1153,sas,31,1 days 00:00:36.260304500
1154,sas,32,0 days 06:26:40.090281500
1155,sas,33,1 days 06:50:14.616293
1156,sasadapt,25,0 days 00:01:31.155784
1157,sasadaptem,23,72 days 09:54:46.639517
1158,sasadaptem,25,-1 days +23:58:22.410090
1159,saseducacao,23,4 days 06:36:36.005844400
1160,seletivoeducallis,23,4 days 01:09:55.166775
1161,seletivoeducallis,26,1 days 15:57:10.977058500
1162,seletivoeducallis,28,1 days 03:50:00.201935
1163,seletivoeducallis,32,0 days 00:18:57.293467
1164,serios,24,0 days 00:02:31.439513
1165,simbios,23,1 days 00:17:22.479609
1166,simbios,33,1 days 01:38:30.370464
1167,simbios,34,1 days 21:33:22.925818
1168,simuladoita,26,2 days 16:00:18.511604
1169,sobral,29,0 days 00:03:41.198004
1170,souhabilis,23,1 days 02:14:02.953273
1171,souhabilis,24,1 days 00:58:20.395920
1172,souhabilis,25,-1 days +23:59:31.805863
1173,souhabilis,26,13 days 15:42:24.238258400
1174,souhabilis,29,1 days 03:07:50.818517
1175,souhabilis,30,1 days 01:59:48.712454
1176,souhabilis,31,0 days 13:47:47.446268
1177,souhabilis,32,0 days 16:46:27.457062666
1178,souhabilis,33,1 days 00:26:27.262127
1179,souhabilis,34,0 days 00:36:18.695005666
1180,souhabilis,35,1 days 01:44:23.899243
1181,spdacruz,23,6 days 17:42:08.271105318
1182,spdacruz,24,4 days 12:38:39.658292910
1183,spdacruz,25,4 days 00:59:27.094777218
1184,spdacruz,26,1 days 08:31:12.139066333
1185,spdacruz,31,8 days 18:32:06.134859900
1186,spdacruz,32,5 days 04:21:44.398295587
1187,spdacruz,33,3 days 03:52:09.404798175
1188,spdacruz,34,1 days 11:29:48.392822500
1189,spdacruz,35,0 days 08:01:58.068884
1190,stellamarisaguaverde,23,2 days 18:07:18.266303250
1191,stellamarisaguaverde,24,3 days 19:48:00.275413769
1192,stellamarisaguaverde,25,1 days 08:08:07.191372250
1193,stellamarisaguaverde,26,1 days 04:20:11.887294565
1194,stellamarisaguaverde,33,0 days 23:51:55.956777714
1195,stellamarisaguaverde,34,2 days 02:29:35.340279666
1196,stellamarisaguaverde,35,2 days 22:08:42.655024714
1197,stellamarisjuveve,23,3 days 00:31:23.410942735
1198,stellamarisjuveve,24,3 days 13:37:33.115183238
1199,stellamarisjuveve,25,2 days 03:36:26.879298370
1200,stellamarisjuveve,26,1 days 02:18:43.273606072
1201,stellamarisjuveve,27,4 days 00:29:07.980945
1202,stellamarisjuveve,29,9 days 17:09:29.535514314
1203,stellamarisjuveve,31,0 days 00:00:15.623481
1204,stellamarisjuveve,32,1 days 01:31:08.983705777
1205,stellamarisjuveve,33,2 days 04:45:50.449733774
1206,stellamarisjuveve,34,2 days 01:46:55.082357193
1207,stellamarisjuveve,35,1 days 22:39:40.641369085
1208,stellamarisxaxim,23,4 days 11:55:18.410177625
1209,stellamarisxaxim,24,4 days 03:59:28.938341800
1210,stellamarisxaxim,25,1 days 04:12:11.186502
1211,stellamarisxaxim,26,1 days 16:33:17.974552270
1212,stellamarisxaxim,27,2 days 00:00:27.203528
1213,stellamarisxaxim,29,3 days 16:05:45.190281035
1214,stellamarisxaxim,31,2 days 03:06:28.303462
1215,stellamarisxaxim,32,0 days 16:49:27.151408600
1216,stellamarisxaxim,33,2 days 12:39:48.784387666
1217,stellamarisxaxim,34,2 days 03:00:02.745972333
1218,stellamarisxaxim,35,2 days 02:35:04.138727235
1219,studos,30,0 days 00:00:33.747602
1220,testevictorhugo,32,-1 days +23:57:25.595149
1221,testevictorhugo,35,1 days 00:02:54.668672
1222,universitariolondrina,23,2 days 00:31:33.718254554
1223,universitariolondrina,24,3 days 05:27:25.534219354
1224,universitariolondrina,25,2 days 22:44:55.025054447
1225,universitariolondrina,26,2 days 06:02:29.461865738
1226,universitariolondrina,27,0 days 11:40:39.895412571
1227,universitariolondrina,28,10 days 20:43:56.114536
1228,universitariolondrina,29,3 days 11:58:38.339990
1229,universitariolondrina,30,2 days 16:21:07.009655241
1230,universitariolondrina,31,2 days 14:35:04.870213959
1231,universitariolondrina,32,2 days 00:45:10.794574358
1232,universitariolondrina,33,2 days 20:48:26.223848900
1233,universitariolondrina,34,3 days 23:10:09.097691181
1234,universitariolondrina,35,1 days 01:36:24.271120222
1235,universobarcarena,23,2 days 18:56:51.334484582
1236,universobarcarena,24,2 days 20:19:12.319506715
1237,universobarcarena,25,14 days 00:07:37.958116644
1238,universobarcarena,26,26 days 19:44:19.541264900
1239,universobarcarena,27,28 days 19:52:00.192835
1240,universobarcarena,28,20 days 11:00:51.773061785
1241,universobarcarena,29,11 days 23:04:49.607716333
1242,universobarcarena,30,4 days 21:44:49.708479
1243,universobarcarena,31,0 days 17:41:44.082372840
1244,universobarcarena,34,0 days 19:03:50.565254
1245,universobarcarena,35,0 days 03:27:11.785915500
1246,villalobos,23,5 days 16:53:44.040103973
1247,villalobos,24,5 days 01:30:09.236478258
1248,villalobos,25,2 days 22:40:19.737160575
1249,villalobos,26,1 days 23:29:47.795973800
1250,villalobos,27,5 days 17:22:34.022432
1251,villalobos,30,3 days 14:45:34.171817
1252,villalobos,31,7 days 12:42:32.964940277
1253,villalobos,32,6 days 05:15:11.002857487
1254,villalobos,33,6 days 13:30:26.681055406
1255,villalobos,34,5 days 05:04:10.444489212
1256,villalobos,35,1 days 08:15:57.124608800
1257,vitae,23,11 days 16:41:12.736007500
1258,vitae,28,5 days 19:29:30.753509
1259,wilsondeandradebarreto,35,-1 days +23:59:59.933496
